"hitid"	"hittypeid"	"title"	"description"	"keywords"	"reward"	"creationtime"	"assignments"	"numavailable"	"numpending"	"numcomplete"	"hitstatus"	"reviewstatus"	"annotation"	"assignmentduration"	"autoapprovaldelay"	"hitlifetime"	"viewhit"	"assignmentid"	"workerid"	"assignmentstatus"	"autoapprovaltime"	"assignmentaccepttime"	"assignmentsubmittime"	"assignmentapprovaltime"	"assignmentrejecttime"	"deadline"	"feedback"	"reject"	"Answer.item"	"Answer.target_property"	"Answer.target_frequency"	"Answer.target_position"	"Answer.familiarization_cond"	"Answer.participant_response_type_condition"	"Answer.participant_feature_count_condition"	"Answer.linguistic_framing_condition"	"Answer.target_filler_sequence_condition"	"Answer.question_type_condition"	"Answer.manip_check_target"	"Answer.manip_check_dist"	"Answer.name_check_correct"	"Answer.choice"	"Answer.choice_correct"	"Answer.money_allocated_to_foil"	"Answer.money_allocated_to_target"	"Answer.money_allocated_to_logical"	"Answer.Likert_value_foil"	"Answer.Likert_value_target"	"Answer.Likert_value_logical"	"Answer.about"	"Answer.comment"	"Answer.age"	"Answer.gender"	"Answer.familiarization_present_in_study"
"2ROX3YOCCF0C8YQXLY9NOIX0ESHRS3"	"2J9TP9RA7S5W5UC9UXFFD0JMH00XSU"	"What is he talking about? (1-2 mins)"	"Short and fun! A 1-2 minute word game about what someone is talking about."	"experiment, psychology, game"	"$0.20"	"Wed Jan 15 21:49:03 PST 2014"	"100"	"0"	"0"	"76"	"Reviewable"	"NotReviewed"	"1 scales"	"600"	"60000"	"Wed Jan 22 21:49:03 PST 2014"	"https://requester.mturk.com/mturk/manageHIT?HITId=2ROX3YOCCF0C8YQXLY9NOIX0ESHRS3"	"2TEJUNU8LZ6RQTM5NEZDEJ31H523J2"	"A21YQXPL0SNNR2"	"Approved"	"Thu Jan 16 14:29:57 PST 2014"	"Wed Jan 15 21:49:15 PST 2014"	"Wed Jan 15 21:49:57 PST 2014"	"Wed Jan 15 21:51:52 PST 2014"	""	""	""	""	"""Christmas tree"""	"""lights"""	"0"	"""right"""	"-1"	"0"	"1"	"4"	"0"	"0"	"""2"""	"""1"""	"""TRUE"""	"""target"""	"""TRUE"""	"-1"	"-1"	"-1"	"-1"	"-1"	"-1"	"""trees"""	"""no"""	"""20"""	"""m"""	"0"
"2ROX3YOCCF0C8YQXLY9NOIX0ESHRS3"	"2J9TP9RA7S5W5UC9UXFFD0JMH00XSU"	"What is he talking about? (1-2 mins)"	"Short and fun! A 1-2 minute word game about what someone is talking about."	"experiment, psychology, game"	"$0.20"	"Wed Jan 15 21:49:03 PST 2014"	"100"	"0"	"0"	"76"	"Reviewable"	"NotReviewed"	"1 scales"	"600"	"60000"	"Wed Jan 22 21:49:03 PST 2014"	"https://requester.mturk.com/mturk/manageHIT?HITId=2ROX3YOCCF0C8YQXLY9NOIX0ESHRS3"	"2NRXR24SMEZZLFOKIS0UEP9466YI1C"	"A166A2M31CW2C7"	"Approved"	"Thu Jan 16 14:30:29 PST 2014"	"Wed Jan 15 21:49:39 PST 2014"	"Wed Jan 15 21:50:29 PST 2014"	"Wed Jan 15 21:51:52 PST 2014"	""	""	""	""	"""snowman"""	"""scarf"""	"0"	"""middle"""	"-1"	"0"	"1"	"4"	"0"	"0"	"""2"""	"""1"""	"""TRUE"""	"""logical"""	"""FALSE"""	"-1"	"-1"	"-1"	"-1"	"-1"	"-1"	"""snowmen"""	""""""	"""25"""	"""m"""	"0"
"2ROX3YOCCF0C8YQXLY9NOIX0ESHRS3"	"2J9TP9RA7S5W5UC9UXFFD0JMH00XSU"	"What is he talking about? (1-2 mins)"	"Short and fun! A 1-2 minute word game about what someone is talking about."	"experiment, psychology, game"	"$0.20"	"Wed Jan 15 21:49:03 PST 2014"	"100"	"0"	"0"	"76"	"Reviewable"	"NotReviewed"	"1 scales"	"600"	"60000"	"Wed Jan 22 21:49:03 PST 2014"	"https://requester.mturk.com/mturk/manageHIT?HITId=2ROX3YOCCF0C8YQXLY9NOIX0ESHRS3"	"2FLYMNCWYB49Y2YSOMO17JOTVRAQMV"	"A3SR43K1AGLUX9"	"Approved"	"Thu Jan 16 14:30:35 PST 2014"	"Wed Jan 15 21:49:41 PST 2014"	"Wed Jan 15 21:50:35 PST 2014"	"Wed Jan 15 21:51:52 PST 2014"	""	""	""	""	"""snowman"""	"""mittens"""	"0"	"""middle"""	"-1"	"0"	"1"	"4"	"0"	"0"	"""2"""	"""1"""	"""TRUE"""	"""target"""	"""TRUE"""	"-1"	"-1"	"-1"	"-1"	"-1"	"-1"	"""I have no idea, other than snowmen"""	"""no"""	"""22"""	"""F"""	"0"
"2ROX3YOCCF0C8YQXLY9NOIX0ESHRS3"	"2J9TP9RA7S5W5UC9UXFFD0JMH00XSU"	"What is he talking about? (1-2 mins)"	"Short and fun! A 1-2 minute word game about what someone is talking about."	"experiment, psychology, game"	"$0.20"	"Wed Jan 15 21:49:03 PST 2014"	"100"	"0"	"0"	"76"	"Reviewable"	"NotReviewed"	"1 scales"	"600"	"60000"	"Wed Jan 22 21:49:03 PST 2014"	"https://requester.mturk.com/mturk/manageHIT?HITId=2ROX3YOCCF0C8YQXLY9NOIX0ESHRS3"	"2F73Q0JG5TYM652Y790FFSSYKV6FJM"	"A1KF05U5IO9AFG"	"Approved"	"Thu Jan 16 14:31:43 PST 2014"	"Wed Jan 15 21:50:33 PST 2014"	"Wed Jan 15 21:51:43 PST 2014"	"Wed Jan 15 21:52:53 PST 2014"	""	""	""	""	"""snowman"""	"""scarf"""	"0"	"""middle"""	"-1"	"0"	"1"	"4"	"0"	"0"	"""2"""	"""1"""	"""TRUE"""	"""target"""	"""TRUE"""	"-1"	"-1"	"-1"	"-1"	"-1"	"-1"	"""People's understanding on the way things are worded."""	"""No."""	"""19"""	"""F"""	"0"
"2ROX3YOCCF0C8YQXLY9NOIX0ESHRS3"	"2J9TP9RA7S5W5UC9UXFFD0JMH00XSU"	"What is he talking about? (1-2 mins)"	"Short and fun! A 1-2 minute word game about what someone is talking about."	"experiment, psychology, game"	"$0.20"	"Wed Jan 15 21:49:03 PST 2014"	"100"	"0"	"0"	"76"	"Reviewable"	"NotReviewed"	"1 scales"	"600"	"60000"	"Wed Jan 22 21:49:03 PST 2014"	"https://requester.mturk.com/mturk/manageHIT?HITId=2ROX3YOCCF0C8YQXLY9NOIX0ESHRS3"	"2XDVWJ5OPB0YE958URNBDEPFX16W4A"	"A152SAO8J1ZL7T"	"Approved"	"Thu Jan 16 14:32:03 PST 2014"	"Wed Jan 15 21:51:17 PST 2014"	"Wed Jan 15 21:52:03 PST 2014"	"Wed Jan 15 21:52:53 PST 2014"	""	""	""	""	"""boat"""	"""cabin"""	"0"	"""left"""	"-1"	"0"	"1"	"4"	"0"	"0"	"""2"""	"""1"""	"""TRUE"""	"""target"""	"""TRUE"""	"-1"	"-1"	"-1"	"-1"	"-1"	"-1"	"""boats"""	""""""	"""21"""	"""m"""	"0"
"2ROX3YOCCF0C8YQXLY9NOIX0ESHRS3"	"2J9TP9RA7S5W5UC9UXFFD0JMH00XSU"	"What is he talking about? (1-2 mins)"	"Short and fun! A 1-2 minute word game about what someone is talking about."	"experiment, psychology, game"	"$0.20"	"Wed Jan 15 21:49:03 PST 2014"	"100"	"0"	"0"	"76"	"Reviewable"	"NotReviewed"	"1 scales"	"600"	"60000"	"Wed Jan 22 21:49:03 PST 2014"	"https://requester.mturk.com/mturk/manageHIT?HITId=2ROX3YOCCF0C8YQXLY9NOIX0ESHRS3"	"2NMCF806UFBNYL1GQQ63F5S29LNE0Y"	"A3IX7NEE8OBXE5"	"Approved"	"Thu Jan 16 14:45:24 PST 2014"	"Wed Jan 15 22:03:54 PST 2014"	"Wed Jan 15 22:05:24 PST 2014"	"Wed Jan 15 22:09:50 PST 2014"	""	""	""	""	"""friend"""	"""hat"""	"0"	"""right"""	"-1"	"0"	"1"	"4"	"0"	"0"	"""2"""	"""1"""	"""TRUE"""	"""target"""	"""TRUE"""	"-1"	"-1"	"-1"	"-1"	"-1"	"-1"	"""recognizing friends?"""	""""""	"""52"""	"""f"""	"0"
"2ROX3YOCCF0C8YQXLY9NOIX0ESHRS3"	"2J9TP9RA7S5W5UC9UXFFD0JMH00XSU"	"What is he talking about? (1-2 mins)"	"Short and fun! A 1-2 minute word game about what someone is talking about."	"experiment, psychology, game"	"$0.20"	"Wed Jan 15 21:49:03 PST 2014"	"100"	"0"	"0"	"76"	"Reviewable"	"NotReviewed"	"1 scales"	"600"	"60000"	"Wed Jan 22 21:49:03 PST 2014"	"https://requester.mturk.com/mturk/manageHIT?HITId=2ROX3YOCCF0C8YQXLY9NOIX0ESHRS3"	"24VK4F0OHOVRKXOXGTTLF2HKFUH32G"	"A1T1CQSJWP9ZP3"	"Approved"	"Thu Jan 16 14:45:31 PST 2014"	"Wed Jan 15 22:04:20 PST 2014"	"Wed Jan 15 22:05:31 PST 2014"	"Wed Jan 15 22:09:50 PST 2014"	""	""	""	""	"""sundae"""	"""cherry"""	"0"	"""left"""	"-1"	"0"	"1"	"4"	"0"	"0"	"""2"""	"""1"""	"""TRUE"""	"""logical"""	"""FALSE"""	"-1"	"-1"	"-1"	"-1"	"-1"	"-1"	"""Understanding vague references. """	""""""	""""""	"""m"""	"0"
"2ROX3YOCCF0C8YQXLY9NOIX0ESHRS3"	"2J9TP9RA7S5W5UC9UXFFD0JMH00XSU"	"What is he talking about? (1-2 mins)"	"Short and fun! A 1-2 minute word game about what someone is talking about."	"experiment, psychology, game"	"$0.20"	"Wed Jan 15 21:49:03 PST 2014"	"100"	"0"	"0"	"76"	"Reviewable"	"NotReviewed"	"1 scales"	"600"	"60000"	"Wed Jan 22 21:49:03 PST 2014"	"https://requester.mturk.com/mturk/manageHIT?HITId=2ROX3YOCCF0C8YQXLY9NOIX0ESHRS3"	"2KL2D5NQYN5FMJ6JCAKYSNC219C6AX"	"A2AI6FVDY5VAID"	"Approved"	"Thu Jan 16 14:45:37 PST 2014"	"Wed Jan 15 22:04:22 PST 2014"	"Wed Jan 15 22:05:37 PST 2014"	"Wed Jan 15 22:09:50 PST 2014"	""	""	""	""	"""snowman"""	"""mittens"""	"0"	"""left"""	"-1"	"0"	"1"	"4"	"0"	"0"	"""2"""	"""1"""	"""TRUE"""	"""target"""	"""TRUE"""	"-1"	"-1"	"-1"	"-1"	"-1"	"-1"	"""what is bob talking about."""	""""""	""""""	""""""	"0"
"2ROX3YOCCF0C8YQXLY9NOIX0ESHRS3"	"2J9TP9RA7S5W5UC9UXFFD0JMH00XSU"	"What is he talking about? (1-2 mins)"	"Short and fun! A 1-2 minute word game about what someone is talking about."	"experiment, psychology, game"	"$0.20"	"Wed Jan 15 21:49:03 PST 2014"	"100"	"0"	"0"	"76"	"Reviewable"	"NotReviewed"	"1 scales"	"600"	"60000"	"Wed Jan 22 21:49:03 PST 2014"	"https://requester.mturk.com/mturk/manageHIT?HITId=2ROX3YOCCF0C8YQXLY9NOIX0ESHRS3"	"2LFFSVGULF39OL26JLSFY3N4QHJ9NV"	"A30583MMKPE868"	"Approved"	"Thu Jan 16 14:46:41 PST 2014"	"Wed Jan 15 22:05:56 PST 2014"	"Wed Jan 15 22:06:41 PST 2014"	"Wed Jan 15 22:09:50 PST 2014"	""	""	""	""	"""boat"""	"""cabin"""	"0"	"""middle"""	"-1"	"0"	"1"	"4"	"0"	"0"	"""2"""	"""1"""	"""TRUE"""	"""target"""	"""TRUE"""	"-1"	"-1"	"-1"	"-1"	"-1"	"-1"	"""Boats"""	""""""	"""55"""	"""f"""	"0"
"2ROX3YOCCF0C8YQXLY9NOIX0ESHRS3"	"2J9TP9RA7S5W5UC9UXFFD0JMH00XSU"	"What is he talking about? (1-2 mins)"	"Short and fun! A 1-2 minute word game about what someone is talking about."	"experiment, psychology, game"	"$0.20"	"Wed Jan 15 21:49:03 PST 2014"	"100"	"0"	"0"	"76"	"Reviewable"	"NotReviewed"	"1 scales"	"600"	"60000"	"Wed Jan 22 21:49:03 PST 2014"	"https://requester.mturk.com/mturk/manageHIT?HITId=2ROX3YOCCF0C8YQXLY9NOIX0ESHRS3"	"23VHVWAVKI626CW2XCTZF9QN99RPHW"	"A2WOJSH1YKCO58"	"Approved"	"Thu Jan 16 14:50:55 PST 2014"	"Wed Jan 15 22:08:29 PST 2014"	"Wed Jan 15 22:10:55 PST 2014"	"Wed Jan 15 23:36:41 PST 2014"	""	""	""	""	"""Christmas tree"""	"""ornaments"""	"0"	"""left"""	"-1"	"0"	"1"	"4"	"0"	"0"	"""2"""	"""1"""	"""TRUE"""	"""logical"""	"""FALSE"""	"-1"	"-1"	"-1"	"-1"	"-1"	"-1"	"""Christmas Trees"""	"""Is ornament = star?"""	""""""	""""""	"0"
"2ROX3YOCCF0C8YQXLY9NOIX0ESHRS3"	"2J9TP9RA7S5W5UC9UXFFD0JMH00XSU"	"What is he talking about? (1-2 mins)"	"Short and fun! A 1-2 minute word game about what someone is talking about."	"experiment, psychology, game"	"$0.20"	"Wed Jan 15 21:49:03 PST 2014"	"100"	"0"	"0"	"76"	"Reviewable"	"NotReviewed"	"1 scales"	"600"	"60000"	"Wed Jan 22 21:49:03 PST 2014"	"https://requester.mturk.com/mturk/manageHIT?HITId=2ROX3YOCCF0C8YQXLY9NOIX0ESHRS3"	"2MGK2JE1M7PK32RRSBFZGC0AOX5PWX"	"A2N1WYXC6WJZ8W"	"Approved"	"Thu Jan 16 14:51:06 PST 2014"	"Wed Jan 15 22:07:42 PST 2014"	"Wed Jan 15 22:11:06 PST 2014"	"Wed Jan 15 23:36:41 PST 2014"	""	""	""	""	"""friend"""	"""hat"""	"0"	"""left"""	"-1"	"0"	"1"	"4"	"0"	"0"	"""2"""	"""1"""	"""TRUE"""	"""target"""	"""TRUE"""	"-1"	"-1"	"-1"	"-1"	"-1"	"-1"	"""Which friend he thought was the ugliest"""	"""Nope."""	"""22"""	"""m"""	"0"
"2ROX3YOCCF0C8YQXLY9NOIX0ESHRS3"	"2J9TP9RA7S5W5UC9UXFFD0JMH00XSU"	"What is he talking about? (1-2 mins)"	"Short and fun! A 1-2 minute word game about what someone is talking about."	"experiment, psychology, game"	"$0.20"	"Wed Jan 15 21:49:03 PST 2014"	"100"	"0"	"0"	"76"	"Reviewable"	"NotReviewed"	"1 scales"	"600"	"60000"	"Wed Jan 22 21:49:03 PST 2014"	"https://requester.mturk.com/mturk/manageHIT?HITId=2ROX3YOCCF0C8YQXLY9NOIX0ESHRS3"	"2Y4CF0CP5KXPCBTIE2PGAPMDQWEWXS"	"A2FI1PZHO6T836"	"Approved"	"Thu Jan 16 14:53:16 PST 2014"	"Wed Jan 15 22:11:31 PST 2014"	"Wed Jan 15 22:13:16 PST 2014"	"Wed Jan 15 23:36:41 PST 2014"	""	""	""	""	"""friend"""	"""glasses"""	"0"	"""middle"""	"-1"	"0"	"1"	"4"	"0"	"0"	"""2"""	"""1"""	"""TRUE"""	"""target"""	"""TRUE"""	"-1"	"-1"	"-1"	"-1"	"-1"	"-1"	"""perceptions"""	""""""	"""31"""	"""f"""	"0"
"2ROX3YOCCF0C8YQXLY9NOIX0ESHRS3"	"2J9TP9RA7S5W5UC9UXFFD0JMH00XSU"	"What is he talking about? (1-2 mins)"	"Short and fun! A 1-2 minute word game about what someone is talking about."	"experiment, psychology, game"	"$0.20"	"Wed Jan 15 21:49:03 PST 2014"	"100"	"0"	"0"	"76"	"Reviewable"	"NotReviewed"	"1 scales"	"600"	"60000"	"Wed Jan 22 21:49:03 PST 2014"	"https://requester.mturk.com/mturk/manageHIT?HITId=2ROX3YOCCF0C8YQXLY9NOIX0ESHRS3"	"2FTY7QEOZFYQBUISPRFF3RDY7GLFIE"	"A3PYB8Z6FFWSOV"	"Approved"	"Thu Jan 16 14:54:59 PST 2014"	"Wed Jan 15 22:14:08 PST 2014"	"Wed Jan 15 22:14:59 PST 2014"	"Wed Jan 15 23:36:41 PST 2014"	""	""	""	""	"""snowman"""	"""scarf"""	"0"	"""right"""	"-1"	"0"	"1"	"4"	"0"	"0"	"""2"""	"""1"""	"""TRUE"""	"""target"""	"""TRUE"""	"-1"	"-1"	"-1"	"-1"	"-1"	"-1"	"""About Bob who likes to build snowmen."""	"""No."""	"""24"""	"""Female"""	"0"
"2ROX3YOCCF0C8YQXLY9NOIX0ESHRS3"	"2J9TP9RA7S5W5UC9UXFFD0JMH00XSU"	"What is he talking about? (1-2 mins)"	"Short and fun! A 1-2 minute word game about what someone is talking about."	"experiment, psychology, game"	"$0.20"	"Wed Jan 15 21:49:03 PST 2014"	"100"	"0"	"0"	"76"	"Reviewable"	"NotReviewed"	"1 scales"	"600"	"60000"	"Wed Jan 22 21:49:03 PST 2014"	"https://requester.mturk.com/mturk/manageHIT?HITId=2ROX3YOCCF0C8YQXLY9NOIX0ESHRS3"	"2Q5HDM25L8I96S26DJQ6UE4WZ52QGR"	"A212JECOMN6M5T"	"Approved"	"Thu Jan 16 14:55:48 PST 2014"	"Wed Jan 15 22:14:39 PST 2014"	"Wed Jan 15 22:15:48 PST 2014"	"Wed Jan 15 23:36:42 PST 2014"	""	""	""	""	"""friend"""	"""hat"""	"0"	"""middle"""	"-1"	"0"	"1"	"4"	"0"	"0"	"""2"""	"""1"""	"""TRUE"""	"""target"""	"""TRUE"""	"-1"	"-1"	"-1"	"-1"	"-1"	"-1"	"""perception, bias"""	"""no"""	"""25"""	"""f"""	"0"
"2ROX3YOCCF0C8YQXLY9NOIX0ESHRS3"	"2J9TP9RA7S5W5UC9UXFFD0JMH00XSU"	"What is he talking about? (1-2 mins)"	"Short and fun! A 1-2 minute word game about what someone is talking about."	"experiment, psychology, game"	"$0.20"	"Wed Jan 15 21:49:03 PST 2014"	"100"	"0"	"0"	"76"	"Reviewable"	"NotReviewed"	"1 scales"	"600"	"60000"	"Wed Jan 22 21:49:03 PST 2014"	"https://requester.mturk.com/mturk/manageHIT?HITId=2ROX3YOCCF0C8YQXLY9NOIX0ESHRS3"	"2WR9O9Z6KW4Z535HDWILLQ0UQL5D4N"	"A3VVR3COLT6OVW"	"Approved"	"Thu Jan 16 15:01:20 PST 2014"	"Wed Jan 15 22:20:28 PST 2014"	"Wed Jan 15 22:21:20 PST 2014"	"Wed Jan 15 23:36:42 PST 2014"	""	""	""	""	"""pizza"""	"""peppers"""	"0"	"""left"""	"-1"	"0"	"1"	"4"	"0"	"0"	"""2"""	"""1"""	"""TRUE"""	"""logical"""	"""FALSE"""	"-1"	"-1"	"-1"	"-1"	"-1"	"-1"	"""Which pizza Bob finds ugly"""	"""none"""	"""22"""	"""m"""	"0"
"2ROX3YOCCF0C8YQXLY9NOIX0ESHRS3"	"2J9TP9RA7S5W5UC9UXFFD0JMH00XSU"	"What is he talking about? (1-2 mins)"	"Short and fun! A 1-2 minute word game about what someone is talking about."	"experiment, psychology, game"	"$0.20"	"Wed Jan 15 21:49:03 PST 2014"	"100"	"0"	"0"	"76"	"Reviewable"	"NotReviewed"	"1 scales"	"600"	"60000"	"Wed Jan 22 21:49:03 PST 2014"	"https://requester.mturk.com/mturk/manageHIT?HITId=2ROX3YOCCF0C8YQXLY9NOIX0ESHRS3"	"258ULF395SW6697FO8EYTJB4IZPDR6"	"A2Y0ZGI29KQBTB"	"Approved"	"Thu Jan 16 15:02:29 PST 2014"	"Wed Jan 15 22:21:46 PST 2014"	"Wed Jan 15 22:22:29 PST 2014"	"Wed Jan 15 23:36:42 PST 2014"	""	""	""	""	"""pizza"""	"""mushrooms"""	"0"	"""left"""	"-1"	"0"	"1"	"4"	"0"	"0"	"""2"""	"""1"""	"""TRUE"""	"""target"""	"""TRUE"""	"-1"	"-1"	"-1"	"-1"	"-1"	"-1"	"""pizza and mushrooms"""	"""interesting study"""	"""25"""	"""m"""	"0"
"2ROX3YOCCF0C8YQXLY9NOIX0ESHRS3"	"2J9TP9RA7S5W5UC9UXFFD0JMH00XSU"	"What is he talking about? (1-2 mins)"	"Short and fun! A 1-2 minute word game about what someone is talking about."	"experiment, psychology, game"	"$0.20"	"Wed Jan 15 21:49:03 PST 2014"	"100"	"0"	"0"	"76"	"Reviewable"	"NotReviewed"	"1 scales"	"600"	"60000"	"Wed Jan 22 21:49:03 PST 2014"	"https://requester.mturk.com/mturk/manageHIT?HITId=2ROX3YOCCF0C8YQXLY9NOIX0ESHRS3"	"26NOX7H57DZK88K4AL4HJM2BO6T0AT"	"A10DDQNSQG3JOA"	"Approved"	"Thu Jan 16 15:05:18 PST 2014"	"Wed Jan 15 22:24:27 PST 2014"	"Wed Jan 15 22:25:18 PST 2014"	"Wed Jan 15 23:36:42 PST 2014"	""	""	""	""	"""sundae"""	"""whipped cream"""	"0"	"""left"""	"-1"	"0"	"1"	"4"	"0"	"0"	"""2"""	"""1"""	"""TRUE"""	"""target"""	"""TRUE"""	"-1"	"-1"	"-1"	"-1"	"-1"	"-1"	"""Sundaes"""	"""None"""	""""""	"""F"""	"0"
"2ROX3YOCCF0C8YQXLY9NOIX0ESHRS3"	"2J9TP9RA7S5W5UC9UXFFD0JMH00XSU"	"What is he talking about? (1-2 mins)"	"Short and fun! A 1-2 minute word game about what someone is talking about."	"experiment, psychology, game"	"$0.20"	"Wed Jan 15 21:49:03 PST 2014"	"100"	"0"	"0"	"76"	"Reviewable"	"NotReviewed"	"1 scales"	"600"	"60000"	"Wed Jan 22 21:49:03 PST 2014"	"https://requester.mturk.com/mturk/manageHIT?HITId=2ROX3YOCCF0C8YQXLY9NOIX0ESHRS3"	"25PX2Q45UUKQ7RMNE1SNY8OM3ZBTBT"	"A3AW1F1AY8E8XF"	"Approved"	"Thu Jan 16 15:07:16 PST 2014"	"Wed Jan 15 22:26:41 PST 2014"	"Wed Jan 15 22:27:16 PST 2014"	"Wed Jan 15 23:36:42 PST 2014"	""	""	""	""	"""boat"""	"""sail"""	"0"	"""left"""	"-1"	"0"	"1"	"4"	"0"	"0"	"""2"""	"""1"""	"""TRUE"""	"""logical"""	"""FALSE"""	"-1"	"-1"	"-1"	"-1"	"-1"	"-1"	"""Boats"""	""""""	"""22"""	"""m"""	"0"
"2ROX3YOCCF0C8YQXLY9NOIX0ESHRS3"	"2J9TP9RA7S5W5UC9UXFFD0JMH00XSU"	"What is he talking about? (1-2 mins)"	"Short and fun! A 1-2 minute word game about what someone is talking about."	"experiment, psychology, game"	"$0.20"	"Wed Jan 15 21:49:03 PST 2014"	"100"	"0"	"0"	"76"	"Reviewable"	"NotReviewed"	"1 scales"	"600"	"60000"	"Wed Jan 22 21:49:03 PST 2014"	"https://requester.mturk.com/mturk/manageHIT?HITId=2ROX3YOCCF0C8YQXLY9NOIX0ESHRS3"	"2CZ4J79KQW61RGA6Q26CJ453FC5IKM"	"A34X36MQPFKF8V"	"Approved"	"Thu Jan 16 15:13:15 PST 2014"	"Wed Jan 15 22:32:36 PST 2014"	"Wed Jan 15 22:33:15 PST 2014"	"Wed Jan 15 23:36:43 PST 2014"	""	""	""	""	"""friend"""	"""mustache"""	"0"	"""right"""	"-1"	"0"	"1"	"4"	"0"	"0"	"""2"""	"""1"""	"""TRUE"""	"""target"""	"""TRUE"""	"-1"	"-1"	"-1"	"-1"	"-1"	"-1"	"""BOB'S FRIENDS"""	"""WTF"""	"""20"""	"""F"""	"0"
"2ROX3YOCCF0C8YQXLY9NOIX0ESHRS3"	"2J9TP9RA7S5W5UC9UXFFD0JMH00XSU"	"What is he talking about? (1-2 mins)"	"Short and fun! A 1-2 minute word game about what someone is talking about."	"experiment, psychology, game"	"$0.20"	"Wed Jan 15 21:49:03 PST 2014"	"100"	"0"	"0"	"76"	"Reviewable"	"NotReviewed"	"1 scales"	"600"	"60000"	"Wed Jan 22 21:49:03 PST 2014"	"https://requester.mturk.com/mturk/manageHIT?HITId=2ROX3YOCCF0C8YQXLY9NOIX0ESHRS3"	"2UXUFJ51Y7QE7SLYMXSCYTMUIV3DA0"	"A39OFX91X73D3R"	"Approved"	"Thu Jan 16 15:14:08 PST 2014"	"Wed Jan 15 22:30:32 PST 2014"	"Wed Jan 15 22:34:08 PST 2014"	"Wed Jan 15 23:36:43 PST 2014"	""	""	""	""	"""friend"""	"""glasses"""	"0"	"""middle"""	"-1"	"0"	"1"	"4"	"0"	"0"	"""2"""	"""1"""	"""TRUE"""	"""logical"""	"""FALSE"""	"-1"	"-1"	"-1"	"-1"	"-1"	"-1"	"""Bobs friends.  """	"""No"""	"""20"""	"""m"""	"0"
"2ROX3YOCCF0C8YQXLY9NOIX0ESHRS3"	"2J9TP9RA7S5W5UC9UXFFD0JMH00XSU"	"What is he talking about? (1-2 mins)"	"Short and fun! A 1-2 minute word game about what someone is talking about."	"experiment, psychology, game"	"$0.20"	"Wed Jan 15 21:49:03 PST 2014"	"100"	"0"	"0"	"76"	"Reviewable"	"NotReviewed"	"1 scales"	"600"	"60000"	"Wed Jan 22 21:49:03 PST 2014"	"https://requester.mturk.com/mturk/manageHIT?HITId=2ROX3YOCCF0C8YQXLY9NOIX0ESHRS3"	"2CFJQ2172Z999ACBGQ3VKBU76H1ZRT"	"A8ULC90JHFJRX"	"Approved"	"Thu Jan 16 15:16:10 PST 2014"	"Wed Jan 15 22:35:28 PST 2014"	"Wed Jan 15 22:36:10 PST 2014"	"Wed Jan 15 23:36:43 PST 2014"	""	""	""	""	"""friend"""	"""hat"""	"0"	"""middle"""	"-1"	"0"	"1"	"4"	"0"	"0"	"""2"""	"""1"""	"""FALSE"""	"""target"""	"""TRUE"""	"-1"	"-1"	"-1"	"-1"	"-1"	"-1"	"""Perception and recognition"""	"""No."""	"""20"""	"""m"""	"0"
"2ROX3YOCCF0C8YQXLY9NOIX0ESHRS3"	"2J9TP9RA7S5W5UC9UXFFD0JMH00XSU"	"What is he talking about? (1-2 mins)"	"Short and fun! A 1-2 minute word game about what someone is talking about."	"experiment, psychology, game"	"$0.20"	"Wed Jan 15 21:49:03 PST 2014"	"100"	"0"	"0"	"76"	"Reviewable"	"NotReviewed"	"1 scales"	"600"	"60000"	"Wed Jan 22 21:49:03 PST 2014"	"https://requester.mturk.com/mturk/manageHIT?HITId=2ROX3YOCCF0C8YQXLY9NOIX0ESHRS3"	"21QNJ92NJKM0O4SJPZ8Y22GZS74D8X"	"A3HTLXAPOBCVVO"	"Approved"	"Thu Jan 16 15:18:06 PST 2014"	"Wed Jan 15 22:36:33 PST 2014"	"Wed Jan 15 22:38:06 PST 2014"	"Wed Jan 15 23:36:43 PST 2014"	""	""	""	""	"""boat"""	"""motor"""	"0"	"""middle"""	"-1"	"0"	"1"	"4"	"0"	"0"	"""2"""	"""1"""	"""TRUE"""	"""target"""	"""TRUE"""	"-1"	"-1"	"-1"	"-1"	"-1"	"-1"	"""how we understand language"""	""""""	"""45"""	"""f"""	"0"
"2ROX3YOCCF0C8YQXLY9NOIX0ESHRS3"	"2J9TP9RA7S5W5UC9UXFFD0JMH00XSU"	"What is he talking about? (1-2 mins)"	"Short and fun! A 1-2 minute word game about what someone is talking about."	"experiment, psychology, game"	"$0.20"	"Wed Jan 15 21:49:03 PST 2014"	"100"	"0"	"0"	"76"	"Reviewable"	"NotReviewed"	"1 scales"	"600"	"60000"	"Wed Jan 22 21:49:03 PST 2014"	"https://requester.mturk.com/mturk/manageHIT?HITId=2ROX3YOCCF0C8YQXLY9NOIX0ESHRS3"	"2DFAB6BFMFFOHROTXYAFJGEYFY3JWV"	"A2JTDTGLA7IZ0L"	"Approved"	"Thu Jan 16 15:18:16 PST 2014"	"Wed Jan 15 22:36:56 PST 2014"	"Wed Jan 15 22:38:16 PST 2014"	"Wed Jan 15 23:36:43 PST 2014"	""	""	""	""	"""pizza"""	"""mushrooms"""	"0"	"""left"""	"-1"	"0"	"1"	"4"	"0"	"0"	"""2"""	"""1"""	"""TRUE"""	"""target"""	"""TRUE"""	"-1"	"-1"	"-1"	"-1"	"-1"	"-1"	"""Bob's horrible health"""	""""""	"""31"""	"""m"""	"0"
"2ROX3YOCCF0C8YQXLY9NOIX0ESHRS3"	"2J9TP9RA7S5W5UC9UXFFD0JMH00XSU"	"What is he talking about? (1-2 mins)"	"Short and fun! A 1-2 minute word game about what someone is talking about."	"experiment, psychology, game"	"$0.20"	"Wed Jan 15 21:49:03 PST 2014"	"100"	"0"	"0"	"76"	"Reviewable"	"NotReviewed"	"1 scales"	"600"	"60000"	"Wed Jan 22 21:49:03 PST 2014"	"https://requester.mturk.com/mturk/manageHIT?HITId=2ROX3YOCCF0C8YQXLY9NOIX0ESHRS3"	"2X9MVHVKCJ01KD870OY9QQWC46175X"	"APE3OE3484UZS"	"Approved"	"Thu Jan 16 15:23:42 PST 2014"	"Wed Jan 15 22:42:36 PST 2014"	"Wed Jan 15 22:43:42 PST 2014"	"Wed Jan 15 23:36:44 PST 2014"	""	""	""	""	"""snowman"""	"""hat"""	"0"	"""left"""	"-1"	"0"	"1"	"4"	"0"	"0"	"""2"""	"""1"""	"""TRUE"""	"""target"""	"""TRUE"""	"-1"	"-1"	"-1"	"-1"	"-1"	"-1"	"""Snowmen"""	""""""	"""25"""	"""m"""	"0"
"2ROX3YOCCF0C8YQXLY9NOIX0ESHRS3"	"2J9TP9RA7S5W5UC9UXFFD0JMH00XSU"	"What is he talking about? (1-2 mins)"	"Short and fun! A 1-2 minute word game about what someone is talking about."	"experiment, psychology, game"	"$0.20"	"Wed Jan 15 21:49:03 PST 2014"	"100"	"0"	"0"	"76"	"Reviewable"	"NotReviewed"	"1 scales"	"600"	"60000"	"Wed Jan 22 21:49:03 PST 2014"	"https://requester.mturk.com/mturk/manageHIT?HITId=2ROX3YOCCF0C8YQXLY9NOIX0ESHRS3"	"2DJY0LWSBRI81NH2UZ08PHSZO9GC09"	"A3V6ZFRMCF3MZ4"	"Approved"	"Thu Jan 16 15:24:20 PST 2014"	"Wed Jan 15 22:42:12 PST 2014"	"Wed Jan 15 22:44:20 PST 2014"	"Wed Jan 15 23:36:44 PST 2014"	""	""	""	""	"""boat"""	"""motor"""	"0"	"""middle"""	"-1"	"0"	"1"	"4"	"0"	"0"	"""2"""	"""1"""	"""TRUE"""	"""target"""	"""TRUE"""	"-1"	"-1"	"-1"	"-1"	"-1"	"-1"	"""Identification and personal interpretation."""	""""""	"""23"""	"""m"""	"0"
"2ROX3YOCCF0C8YQXLY9NOIX0ESHRS3"	"2J9TP9RA7S5W5UC9UXFFD0JMH00XSU"	"What is he talking about? (1-2 mins)"	"Short and fun! A 1-2 minute word game about what someone is talking about."	"experiment, psychology, game"	"$0.20"	"Wed Jan 15 21:49:03 PST 2014"	"100"	"0"	"0"	"76"	"Reviewable"	"NotReviewed"	"1 scales"	"600"	"60000"	"Wed Jan 22 21:49:03 PST 2014"	"https://requester.mturk.com/mturk/manageHIT?HITId=2ROX3YOCCF0C8YQXLY9NOIX0ESHRS3"	"2IAUB2YU98JHBMRBZQRFHJ9OR9XAMH"	"A1Y6U48K90CL87"	"Approved"	"Thu Jan 16 15:25:09 PST 2014"	"Wed Jan 15 22:44:22 PST 2014"	"Wed Jan 15 22:45:09 PST 2014"	"Wed Jan 15 23:36:44 PST 2014"	""	""	""	""	"""friend"""	"""glasses"""	"0"	"""middle"""	"-1"	"0"	"1"	"4"	"0"	"0"	"""2"""	"""1"""	"""FALSE"""	"""target"""	"""TRUE"""	"-1"	"-1"	"-1"	"-1"	"-1"	"-1"	"""Which face with glasses was the ugliest."""	""""""	"""21"""	"""m"""	"0"
"2ROX3YOCCF0C8YQXLY9NOIX0ESHRS3"	"2J9TP9RA7S5W5UC9UXFFD0JMH00XSU"	"What is he talking about? (1-2 mins)"	"Short and fun! A 1-2 minute word game about what someone is talking about."	"experiment, psychology, game"	"$0.20"	"Wed Jan 15 21:49:03 PST 2014"	"100"	"0"	"0"	"76"	"Reviewable"	"NotReviewed"	"1 scales"	"600"	"60000"	"Wed Jan 22 21:49:03 PST 2014"	"https://requester.mturk.com/mturk/manageHIT?HITId=2ROX3YOCCF0C8YQXLY9NOIX0ESHRS3"	"2R9RRLFQ0ONNEKN1GMF9KGRHA40RIP"	"A2LT7ZDOUU3ZAI"	"Approved"	"Thu Jan 16 15:25:24 PST 2014"	"Wed Jan 15 22:42:03 PST 2014"	"Wed Jan 15 22:45:24 PST 2014"	"Wed Jan 15 23:36:44 PST 2014"	""	""	""	""	"""Christmas tree"""	"""star"""	"0"	"""left"""	"-1"	"0"	"1"	"4"	"0"	"0"	"""2"""	"""1"""	"""TRUE"""	"""target"""	"""TRUE"""	"-1"	"-1"	"-1"	"-1"	"-1"	"-1"	"""Bob likes Christmas tree with a star"""	"""Not sure what is the point of this survey"""	"""41"""	"""f"""	"0"
"2ROX3YOCCF0C8YQXLY9NOIX0ESHRS3"	"2J9TP9RA7S5W5UC9UXFFD0JMH00XSU"	"What is he talking about? (1-2 mins)"	"Short and fun! A 1-2 minute word game about what someone is talking about."	"experiment, psychology, game"	"$0.20"	"Wed Jan 15 21:49:03 PST 2014"	"100"	"0"	"0"	"76"	"Reviewable"	"NotReviewed"	"1 scales"	"600"	"60000"	"Wed Jan 22 21:49:03 PST 2014"	"https://requester.mturk.com/mturk/manageHIT?HITId=2ROX3YOCCF0C8YQXLY9NOIX0ESHRS3"	"2Y7XRDS4IC1EH6TXFKD17A2OYWHZWX"	"A3NR3GL9SJ6OOP"	"Approved"	"Thu Jan 16 15:26:30 PST 2014"	"Wed Jan 15 22:45:13 PST 2014"	"Wed Jan 15 22:46:30 PST 2014"	"Wed Jan 15 23:36:44 PST 2014"	""	""	""	""	"""boat"""	"""sail"""	"0"	"""left"""	"-1"	"0"	"1"	"4"	"0"	"0"	"""2"""	"""1"""	"""TRUE"""	"""target"""	"""TRUE"""	"-1"	"-1"	"-1"	"-1"	"-1"	"-1"	"""What a guy was saying."""	""""""	"""22"""	"""m"""	"0"
"2ROX3YOCCF0C8YQXLY9NOIX0ESHRS3"	"2J9TP9RA7S5W5UC9UXFFD0JMH00XSU"	"What is he talking about? (1-2 mins)"	"Short and fun! A 1-2 minute word game about what someone is talking about."	"experiment, psychology, game"	"$0.20"	"Wed Jan 15 21:49:03 PST 2014"	"100"	"0"	"0"	"76"	"Reviewable"	"NotReviewed"	"1 scales"	"600"	"60000"	"Wed Jan 22 21:49:03 PST 2014"	"https://requester.mturk.com/mturk/manageHIT?HITId=2ROX3YOCCF0C8YQXLY9NOIX0ESHRS3"	"2DGH1XERSQV6PKRPDNK3NVWGYIW08S"	"A3HMS3ZOD88EFJ"	"Approved"	"Thu Jan 16 15:26:58 PST 2014"	"Wed Jan 15 22:45:42 PST 2014"	"Wed Jan 15 22:46:58 PST 2014"	"Wed Jan 15 23:36:44 PST 2014"	""	""	""	""	"""pizza"""	"""peppers"""	"0"	"""left"""	"-1"	"0"	"1"	"4"	"0"	"0"	"""2"""	"""1"""	"""TRUE"""	"""logical"""	"""FALSE"""	"-1"	"-1"	"-1"	"-1"	"-1"	"-1"	"""Pizza and a guy named Bob"""	""""""	"""21"""	"""male"""	"0"
"2ROX3YOCCF0C8YQXLY9NOIX0ESHRS3"	"2J9TP9RA7S5W5UC9UXFFD0JMH00XSU"	"What is he talking about? (1-2 mins)"	"Short and fun! A 1-2 minute word game about what someone is talking about."	"experiment, psychology, game"	"$0.20"	"Wed Jan 15 21:49:03 PST 2014"	"100"	"0"	"0"	"76"	"Reviewable"	"NotReviewed"	"1 scales"	"600"	"60000"	"Wed Jan 22 21:49:03 PST 2014"	"https://requester.mturk.com/mturk/manageHIT?HITId=2ROX3YOCCF0C8YQXLY9NOIX0ESHRS3"	"2V0I9NZW6HEZPHK4M1YTE69MXKFXN7"	"A1VA377NB3JTJ9"	"Approved"	"Thu Jan 16 15:27:16 PST 2014"	"Wed Jan 15 22:45:53 PST 2014"	"Wed Jan 15 22:47:16 PST 2014"	"Wed Jan 15 23:36:51 PST 2014"	""	""	""	""	"""snowman"""	"""hat"""	"0"	"""right"""	"-1"	"0"	"1"	"4"	"0"	"0"	"""2"""	"""1"""	"""TRUE"""	"""target"""	"""TRUE"""	"-1"	"-1"	"-1"	"-1"	"-1"	"-1"	"""Bob making snowmen, and picking the ugliest snowman in Bob's opinion."""	"""No"""	"""24"""	"""m"""	"0"
"2ROX3YOCCF0C8YQXLY9NOIX0ESHRS3"	"2J9TP9RA7S5W5UC9UXFFD0JMH00XSU"	"What is he talking about? (1-2 mins)"	"Short and fun! A 1-2 minute word game about what someone is talking about."	"experiment, psychology, game"	"$0.20"	"Wed Jan 15 21:49:03 PST 2014"	"100"	"0"	"0"	"76"	"Reviewable"	"NotReviewed"	"1 scales"	"600"	"60000"	"Wed Jan 22 21:49:03 PST 2014"	"https://requester.mturk.com/mturk/manageHIT?HITId=2ROX3YOCCF0C8YQXLY9NOIX0ESHRS3"	"2NUAC9KSSZVXGVW41ZLKWOYMQG9K2E"	"AOUJ205OTY359"	"Approved"	"Thu Jan 16 15:27:51 PST 2014"	"Wed Jan 15 22:43:44 PST 2014"	"Wed Jan 15 22:47:51 PST 2014"	"Wed Jan 15 23:36:51 PST 2014"	""	""	""	""	"""friend"""	"""hat"""	"0"	"""right"""	"-1"	"0"	"1"	"4"	"0"	"0"	"""2"""	"""1"""	"""TRUE"""	"""logical"""	"""FALSE"""	"-1"	"-1"	"-1"	"-1"	"-1"	"-1"	"""Perception of appearances"""	""""""	"""19"""	"""m"""	"0"
"2ROX3YOCCF0C8YQXLY9NOIX0ESHRS3"	"2J9TP9RA7S5W5UC9UXFFD0JMH00XSU"	"What is he talking about? (1-2 mins)"	"Short and fun! A 1-2 minute word game about what someone is talking about."	"experiment, psychology, game"	"$0.20"	"Wed Jan 15 21:49:03 PST 2014"	"100"	"0"	"0"	"76"	"Reviewable"	"NotReviewed"	"1 scales"	"600"	"60000"	"Wed Jan 22 21:49:03 PST 2014"	"https://requester.mturk.com/mturk/manageHIT?HITId=2ROX3YOCCF0C8YQXLY9NOIX0ESHRS3"	"2FFQYN5F3Q0JZYZYIS3W4B4FI76EAW"	"A26GD7O74RXO5U"	"Approved"	"Thu Jan 16 15:28:48 PST 2014"	"Wed Jan 15 22:48:13 PST 2014"	"Wed Jan 15 22:48:48 PST 2014"	"Wed Jan 15 23:36:52 PST 2014"	""	""	""	""	"""Christmas tree"""	"""lights"""	"0"	"""left"""	"-1"	"0"	"1"	"4"	"0"	"0"	"""1"""	"""2"""	"""TRUE"""	"""target"""	"""TRUE"""	"-1"	"-1"	"-1"	"-1"	"-1"	"-1"	"""What lights and ornaments mean"""	""""""	"""29"""	"""f"""	"0"
"2ROX3YOCCF0C8YQXLY9NOIX0ESHRS3"	"2J9TP9RA7S5W5UC9UXFFD0JMH00XSU"	"What is he talking about? (1-2 mins)"	"Short and fun! A 1-2 minute word game about what someone is talking about."	"experiment, psychology, game"	"$0.20"	"Wed Jan 15 21:49:03 PST 2014"	"100"	"0"	"0"	"76"	"Reviewable"	"NotReviewed"	"1 scales"	"600"	"60000"	"Wed Jan 22 21:49:03 PST 2014"	"https://requester.mturk.com/mturk/manageHIT?HITId=2ROX3YOCCF0C8YQXLY9NOIX0ESHRS3"	"2RGVR14IXKO2428HAHNACX34RAQ9AH"	"A320QA9HJFUOZO"	"Approved"	"Thu Jan 16 15:29:10 PST 2014"	"Wed Jan 15 22:47:51 PST 2014"	"Wed Jan 15 22:49:10 PST 2014"	"Wed Jan 15 23:36:52 PST 2014"	""	""	""	""	"""snowman"""	"""hat"""	"0"	"""right"""	"-1"	"0"	"1"	"4"	"0"	"0"	"""2"""	"""1"""	"""TRUE"""	"""target"""	"""TRUE"""	"-1"	"-1"	"-1"	"-1"	"-1"	"-1"	"""Judgments about snowmen"""	"""fun study, thanks"""	"""27"""	"""m"""	"0"
"2ROX3YOCCF0C8YQXLY9NOIX0ESHRS3"	"2J9TP9RA7S5W5UC9UXFFD0JMH00XSU"	"What is he talking about? (1-2 mins)"	"Short and fun! A 1-2 minute word game about what someone is talking about."	"experiment, psychology, game"	"$0.20"	"Wed Jan 15 21:49:03 PST 2014"	"100"	"0"	"0"	"76"	"Reviewable"	"NotReviewed"	"1 scales"	"600"	"60000"	"Wed Jan 22 21:49:03 PST 2014"	"https://requester.mturk.com/mturk/manageHIT?HITId=2ROX3YOCCF0C8YQXLY9NOIX0ESHRS3"	"2MPKNQY2RCJKPW5VA88R6KUODON3SQ"	"A1FKCYWMD3HCXU"	"Approved"	"Thu Jan 16 15:29:17 PST 2014"	"Wed Jan 15 22:48:44 PST 2014"	"Wed Jan 15 22:49:17 PST 2014"	"Wed Jan 15 23:36:52 PST 2014"	""	""	""	""	"""sundae"""	"""whipped cream"""	"0"	"""right"""	"-1"	"0"	"1"	"4"	"0"	"0"	"""2"""	"""1"""	"""TRUE"""	"""logical"""	"""FALSE"""	"-1"	"-1"	"-1"	"-1"	"-1"	"-1"	"""find out what bob is referring to"""	""""""	""""""	""""""	"0"
"2ROX3YOCCF0C8YQXLY9NOIX0ESHRS3"	"2J9TP9RA7S5W5UC9UXFFD0JMH00XSU"	"What is he talking about? (1-2 mins)"	"Short and fun! A 1-2 minute word game about what someone is talking about."	"experiment, psychology, game"	"$0.20"	"Wed Jan 15 21:49:03 PST 2014"	"100"	"0"	"0"	"76"	"Reviewable"	"NotReviewed"	"1 scales"	"600"	"60000"	"Wed Jan 22 21:49:03 PST 2014"	"https://requester.mturk.com/mturk/manageHIT?HITId=2ROX3YOCCF0C8YQXLY9NOIX0ESHRS3"	"2RN8ER9Y8TNK1F5SIABFNS2UPY36TO"	"A6MCX7CU7E2LL"	"Approved"	"Thu Jan 16 15:31:24 PST 2014"	"Wed Jan 15 22:50:34 PST 2014"	"Wed Jan 15 22:51:24 PST 2014"	"Wed Jan 15 23:36:52 PST 2014"	""	""	""	""	"""Christmas tree"""	"""ornaments"""	"0"	"""middle"""	"-1"	"0"	"1"	"4"	"0"	"0"	"""2"""	"""1"""	"""TRUE"""	"""target"""	"""TRUE"""	"-1"	"-1"	"-1"	"-1"	"-1"	"-1"	"""Christmas trees"""	""""""	"""32"""	"""f"""	"0"
"2ROX3YOCCF0C8YQXLY9NOIX0ESHRS3"	"2J9TP9RA7S5W5UC9UXFFD0JMH00XSU"	"What is he talking about? (1-2 mins)"	"Short and fun! A 1-2 minute word game about what someone is talking about."	"experiment, psychology, game"	"$0.20"	"Wed Jan 15 21:49:03 PST 2014"	"100"	"0"	"0"	"76"	"Reviewable"	"NotReviewed"	"1 scales"	"600"	"60000"	"Wed Jan 22 21:49:03 PST 2014"	"https://requester.mturk.com/mturk/manageHIT?HITId=2ROX3YOCCF0C8YQXLY9NOIX0ESHRS3"	"2PV95SW6NG1FBWTYJO2YL1F5VXZHVG"	"AHOTFZ680IM9A"	"Approved"	"Thu Jan 16 15:33:22 PST 2014"	"Wed Jan 15 22:52:21 PST 2014"	"Wed Jan 15 22:53:22 PST 2014"	"Wed Jan 15 23:36:52 PST 2014"	""	""	""	""	"""sundae"""	"""chocolate"""	"0"	"""middle"""	"-1"	"0"	"1"	"4"	"0"	"0"	"""2"""	"""1"""	"""TRUE"""	"""target"""	"""TRUE"""	"-1"	"-1"	"-1"	"-1"	"-1"	"-1"	"""Sundaes"""	""""""	"""19"""	"""m"""	"0"
"2ROX3YOCCF0C8YQXLY9NOIX0ESHRS3"	"2J9TP9RA7S5W5UC9UXFFD0JMH00XSU"	"What is he talking about? (1-2 mins)"	"Short and fun! A 1-2 minute word game about what someone is talking about."	"experiment, psychology, game"	"$0.20"	"Wed Jan 15 21:49:03 PST 2014"	"100"	"0"	"0"	"76"	"Reviewable"	"NotReviewed"	"1 scales"	"600"	"60000"	"Wed Jan 22 21:49:03 PST 2014"	"https://requester.mturk.com/mturk/manageHIT?HITId=2ROX3YOCCF0C8YQXLY9NOIX0ESHRS3"	"2UIW618N46UXY5J4123EZNDYQRZQOK"	"ASRALT0GT26OH"	"Approved"	"Thu Jan 16 15:34:41 PST 2014"	"Wed Jan 15 22:52:21 PST 2014"	"Wed Jan 15 22:54:41 PST 2014"	"Wed Jan 15 23:36:52 PST 2014"	""	""	""	""	"""sundae"""	"""cherry"""	"0"	"""right"""	"-1"	"0"	"1"	"4"	"0"	"0"	"""2"""	"""1"""	"""TRUE"""	"""target"""	"""TRUE"""	"-1"	"-1"	"-1"	"-1"	"-1"	"-1"	"""Understanding what Bob was talking about."""	""""""	""""""	"""m"""	"0"
"2ROX3YOCCF0C8YQXLY9NOIX0ESHRS3"	"2J9TP9RA7S5W5UC9UXFFD0JMH00XSU"	"What is he talking about? (1-2 mins)"	"Short and fun! A 1-2 minute word game about what someone is talking about."	"experiment, psychology, game"	"$0.20"	"Wed Jan 15 21:49:03 PST 2014"	"100"	"0"	"0"	"76"	"Reviewable"	"NotReviewed"	"1 scales"	"600"	"60000"	"Wed Jan 22 21:49:03 PST 2014"	"https://requester.mturk.com/mturk/manageHIT?HITId=2ROX3YOCCF0C8YQXLY9NOIX0ESHRS3"	"2S1NZW6HEZ6OXXWW3YZ6FGUS5ZFPZT"	"A1TOR2L7RRFMCQ"	"Approved"	"Thu Jan 16 15:34:44 PST 2014"	"Wed Jan 15 22:53:16 PST 2014"	"Wed Jan 15 22:54:44 PST 2014"	"Wed Jan 15 23:36:53 PST 2014"	""	""	""	""	"""boat"""	"""cabin"""	"0"	"""right"""	"-1"	"0"	"1"	"4"	"0"	"0"	"""2"""	"""1"""	"""TRUE"""	"""target"""	"""TRUE"""	"-1"	"-1"	"-1"	"-1"	"-1"	"-1"	"""memory"""	""""""	"""35"""	"""m"""	"0"
"2ROX3YOCCF0C8YQXLY9NOIX0ESHRS3"	"2J9TP9RA7S5W5UC9UXFFD0JMH00XSU"	"What is he talking about? (1-2 mins)"	"Short and fun! A 1-2 minute word game about what someone is talking about."	"experiment, psychology, game"	"$0.20"	"Wed Jan 15 21:49:03 PST 2014"	"100"	"0"	"0"	"76"	"Reviewable"	"NotReviewed"	"1 scales"	"600"	"60000"	"Wed Jan 22 21:49:03 PST 2014"	"https://requester.mturk.com/mturk/manageHIT?HITId=2ROX3YOCCF0C8YQXLY9NOIX0ESHRS3"	"286PLSP75KLMPPP3KF8QKQVPU21TZ3"	"AEDV0CBBPU0RE"	"Approved"	"Thu Jan 16 15:36:04 PST 2014"	"Wed Jan 15 22:55:37 PST 2014"	"Wed Jan 15 22:56:04 PST 2014"	"Wed Jan 15 23:36:53 PST 2014"	""	""	""	""	"""boat"""	"""motor"""	"0"	"""right"""	"-1"	"0"	"1"	"4"	"0"	"0"	"""2"""	"""1"""	"""TRUE"""	"""target"""	"""TRUE"""	"-1"	"-1"	"-1"	"-1"	"-1"	"-1"	"""no idea"""	"""no"""	"""28"""	"""m"""	"0"
"2ROX3YOCCF0C8YQXLY9NOIX0ESHRS3"	"2J9TP9RA7S5W5UC9UXFFD0JMH00XSU"	"What is he talking about? (1-2 mins)"	"Short and fun! A 1-2 minute word game about what someone is talking about."	"experiment, psychology, game"	"$0.20"	"Wed Jan 15 21:49:03 PST 2014"	"100"	"0"	"0"	"76"	"Reviewable"	"NotReviewed"	"1 scales"	"600"	"60000"	"Wed Jan 22 21:49:03 PST 2014"	"https://requester.mturk.com/mturk/manageHIT?HITId=2ROX3YOCCF0C8YQXLY9NOIX0ESHRS3"	"2BC274J79KQWPUEN0BLXLCDA8VSIGN"	"A25TXFNND81Q0S"	"Approved"	"Thu Jan 16 15:38:51 PST 2014"	"Wed Jan 15 22:58:05 PST 2014"	"Wed Jan 15 22:58:51 PST 2014"	"Wed Jan 15 23:36:53 PST 2014"	""	""	""	""	"""pizza"""	"""mushrooms"""	"0"	"""left"""	"-1"	"0"	"1"	"4"	"0"	"0"	"""2"""	"""1"""	"""TRUE"""	"""target"""	"""TRUE"""	"-1"	"-1"	"-1"	"-1"	"-1"	"-1"	"""Our associations between the words of another person and visual imagery."""	"""No."""	"""24"""	"""m"""	"0"
"2ROX3YOCCF0C8YQXLY9NOIX0ESHRS3"	"2J9TP9RA7S5W5UC9UXFFD0JMH00XSU"	"What is he talking about? (1-2 mins)"	"Short and fun! A 1-2 minute word game about what someone is talking about."	"experiment, psychology, game"	"$0.20"	"Wed Jan 15 21:49:03 PST 2014"	"100"	"0"	"0"	"76"	"Reviewable"	"NotReviewed"	"1 scales"	"600"	"60000"	"Wed Jan 22 21:49:03 PST 2014"	"https://requester.mturk.com/mturk/manageHIT?HITId=2ROX3YOCCF0C8YQXLY9NOIX0ESHRS3"	"20QN5F3Q0JG5CRSN81PBA9FFVQ8GCJ"	"ATF6B3JPSDHBV"	"Approved"	"Thu Jan 16 15:40:27 PST 2014"	"Wed Jan 15 22:59:43 PST 2014"	"Wed Jan 15 23:00:27 PST 2014"	"Wed Jan 15 23:36:53 PST 2014"	""	""	""	""	"""pizza"""	"""peppers"""	"0"	"""middle"""	"-1"	"0"	"1"	"4"	"0"	"0"	"""2"""	"""1"""	"""TRUE"""	"""target"""	"""TRUE"""	"-1"	"-1"	"-1"	"-1"	"-1"	"-1"	"""pizza"""	""""""	""""""	"""male"""	"0"
"2ROX3YOCCF0C8YQXLY9NOIX0ESHRS3"	"2J9TP9RA7S5W5UC9UXFFD0JMH00XSU"	"What is he talking about? (1-2 mins)"	"Short and fun! A 1-2 minute word game about what someone is talking about."	"experiment, psychology, game"	"$0.20"	"Wed Jan 15 21:49:03 PST 2014"	"100"	"0"	"0"	"76"	"Reviewable"	"NotReviewed"	"1 scales"	"600"	"60000"	"Wed Jan 22 21:49:03 PST 2014"	"https://requester.mturk.com/mturk/manageHIT?HITId=2ROX3YOCCF0C8YQXLY9NOIX0ESHRS3"	"2YV3FDEY5COWJEMRV8ZCXFLI9T2T2V"	"A3ED2PRZG8YMKG"	"Approved"	"Thu Jan 16 15:43:32 PST 2014"	"Wed Jan 15 23:01:12 PST 2014"	"Wed Jan 15 23:03:32 PST 2014"	"Wed Jan 15 23:36:53 PST 2014"	""	""	""	""	"""friend"""	"""glasses"""	"0"	"""middle"""	"-1"	"0"	"1"	"4"	"0"	"0"	"""2"""	"""1"""	"""TRUE"""	"""target"""	"""TRUE"""	"-1"	"-1"	"-1"	"-1"	"-1"	"-1"	"""Decision making"""	"""Most people would say the guy with the mustache was ugliest if he meant the guy with both the glasses and the mustache, since two guys had glasses."""	"""39"""	"""m"""	"0"
"2ROX3YOCCF0C8YQXLY9NOIX0ESHRS3"	"2J9TP9RA7S5W5UC9UXFFD0JMH00XSU"	"What is he talking about? (1-2 mins)"	"Short and fun! A 1-2 minute word game about what someone is talking about."	"experiment, psychology, game"	"$0.20"	"Wed Jan 15 21:49:03 PST 2014"	"100"	"0"	"0"	"76"	"Reviewable"	"NotReviewed"	"1 scales"	"600"	"60000"	"Wed Jan 22 21:49:03 PST 2014"	"https://requester.mturk.com/mturk/manageHIT?HITId=2ROX3YOCCF0C8YQXLY9NOIX0ESHRS3"	"2KTQP6AUC26DZZDDX2UV6FK6FM1296"	"A2GZQBFEGNUK0O"	"Approved"	"Thu Jan 16 15:45:22 PST 2014"	"Wed Jan 15 23:03:48 PST 2014"	"Wed Jan 15 23:05:22 PST 2014"	"Wed Jan 15 23:36:53 PST 2014"	""	""	""	""	"""sundae"""	"""cherry"""	"0"	"""left"""	"-1"	"0"	"1"	"4"	"0"	"0"	"""2"""	"""1"""	"""TRUE"""	"""target"""	"""TRUE"""	"-1"	"-1"	"-1"	"-1"	"-1"	"-1"	"""Which sundae Bob thought was ugly. """	"""Use a different name. """	"""20"""	"""m"""	"0"
"2ROX3YOCCF0C8YQXLY9NOIX0ESHRS3"	"2J9TP9RA7S5W5UC9UXFFD0JMH00XSU"	"What is he talking about? (1-2 mins)"	"Short and fun! A 1-2 minute word game about what someone is talking about."	"experiment, psychology, game"	"$0.20"	"Wed Jan 15 21:49:03 PST 2014"	"100"	"0"	"0"	"76"	"Reviewable"	"NotReviewed"	"1 scales"	"600"	"60000"	"Wed Jan 22 21:49:03 PST 2014"	"https://requester.mturk.com/mturk/manageHIT?HITId=2ROX3YOCCF0C8YQXLY9NOIX0ESHRS3"	"297YQS1CSTMOYQXDO99C7EYJQVZPME"	"AUQTHU5AOZVQC"	"Approved"	"Thu Jan 16 15:47:41 PST 2014"	"Wed Jan 15 23:05:55 PST 2014"	"Wed Jan 15 23:07:41 PST 2014"	"Wed Jan 15 23:36:53 PST 2014"	""	""	""	""	"""boat"""	"""sail"""	"0"	"""middle"""	"-1"	"0"	"1"	"4"	"0"	"0"	"""2"""	"""1"""	"""TRUE"""	"""target"""	"""TRUE"""	"-1"	"-1"	"-1"	"-1"	"-1"	"-1"	"""A person named Bob who likes sail boats."""	"""This survey was a lot of fun."""	"""24"""	"""Male"""	"0"
"2ROX3YOCCF0C8YQXLY9NOIX0ESHRS3"	"2J9TP9RA7S5W5UC9UXFFD0JMH00XSU"	"What is he talking about? (1-2 mins)"	"Short and fun! A 1-2 minute word game about what someone is talking about."	"experiment, psychology, game"	"$0.20"	"Wed Jan 15 21:49:03 PST 2014"	"100"	"0"	"0"	"76"	"Reviewable"	"NotReviewed"	"1 scales"	"600"	"60000"	"Wed Jan 22 21:49:03 PST 2014"	"https://requester.mturk.com/mturk/manageHIT?HITId=2ROX3YOCCF0C8YQXLY9NOIX0ESHRS3"	"23YYTWX4H3H284AD5E7ICIJXE3MZ4F"	"A2WGW5Y3ZFBDEC"	"Approved"	"Thu Jan 16 15:49:51 PST 2014"	"Wed Jan 15 23:08:44 PST 2014"	"Wed Jan 15 23:09:51 PST 2014"	"Wed Jan 15 23:36:54 PST 2014"	""	""	""	""	"""sundae"""	"""cherry"""	"0"	"""right"""	"-1"	"0"	"1"	"4"	"0"	"0"	"""2"""	"""1"""	"""TRUE"""	"""target"""	"""TRUE"""	"-1"	"-1"	"-1"	"-1"	"-1"	"-1"	"""Bob's comments about an ugly sundae."""	"""No"""	"""43"""	"""M"""	"0"
"2ROX3YOCCF0C8YQXLY9NOIX0ESHRS3"	"2J9TP9RA7S5W5UC9UXFFD0JMH00XSU"	"What is he talking about? (1-2 mins)"	"Short and fun! A 1-2 minute word game about what someone is talking about."	"experiment, psychology, game"	"$0.20"	"Wed Jan 15 21:49:03 PST 2014"	"100"	"0"	"0"	"76"	"Reviewable"	"NotReviewed"	"1 scales"	"600"	"60000"	"Wed Jan 22 21:49:03 PST 2014"	"https://requester.mturk.com/mturk/manageHIT?HITId=2ROX3YOCCF0C8YQXLY9NOIX0ESHRS3"	"2GKVQ8H88MQUPEBO703I7RX378ZR8L"	"A18T7E73TNGOKP"	"Approved"	"Thu Jan 16 15:51:31 PST 2014"	"Wed Jan 15 23:09:47 PST 2014"	"Wed Jan 15 23:11:31 PST 2014"	"Wed Jan 15 23:36:54 PST 2014"	""	""	""	""	"""friend"""	"""glasses"""	"0"	"""right"""	"-1"	"0"	"1"	"4"	"0"	"0"	"""2"""	"""1"""	"""TRUE"""	"""logical"""	"""FALSE"""	"-1"	"-1"	"-1"	"-1"	"-1"	"-1"	"""bobs friendy"""	""""""	"""28"""	"""m"""	"0"
"2ROX3YOCCF0C8YQXLY9NOIX0ESHRS3"	"2J9TP9RA7S5W5UC9UXFFD0JMH00XSU"	"What is he talking about? (1-2 mins)"	"Short and fun! A 1-2 minute word game about what someone is talking about."	"experiment, psychology, game"	"$0.20"	"Wed Jan 15 21:49:03 PST 2014"	"100"	"0"	"0"	"76"	"Reviewable"	"NotReviewed"	"1 scales"	"600"	"60000"	"Wed Jan 22 21:49:03 PST 2014"	"https://requester.mturk.com/mturk/manageHIT?HITId=2ROX3YOCCF0C8YQXLY9NOIX0ESHRS3"	"2FPH0JPPSI2KH7VLOUY5QLMCZHLOII"	"A1RIQXY84EIB9S"	"Approved"	"Thu Jan 16 15:58:59 PST 2014"	"Wed Jan 15 23:17:56 PST 2014"	"Wed Jan 15 23:18:59 PST 2014"	"Wed Jan 15 23:36:54 PST 2014"	""	""	""	""	"""Christmas tree"""	"""ornaments"""	"0"	"""middle"""	"-1"	"0"	"1"	"4"	"0"	"0"	"""2"""	"""1"""	"""TRUE"""	"""foil"""	"""FALSE"""	"-1"	"-1"	"-1"	"-1"	"-1"	"-1"	"""Christmas trees"""	""""""	"""28"""	"""m"""	"0"
"2ROX3YOCCF0C8YQXLY9NOIX0ESHRS3"	"2J9TP9RA7S5W5UC9UXFFD0JMH00XSU"	"What is he talking about? (1-2 mins)"	"Short and fun! A 1-2 minute word game about what someone is talking about."	"experiment, psychology, game"	"$0.20"	"Wed Jan 15 21:49:03 PST 2014"	"100"	"0"	"0"	"76"	"Reviewable"	"NotReviewed"	"1 scales"	"600"	"60000"	"Wed Jan 22 21:49:03 PST 2014"	"https://requester.mturk.com/mturk/manageHIT?HITId=2ROX3YOCCF0C8YQXLY9NOIX0ESHRS3"	"2GMFBNFSVGULYWF5O1XNM1FY6LG6KM"	"A2BBXURD7ZDILN"	"Approved"	"Thu Jan 16 15:59:17 PST 2014"	"Wed Jan 15 23:18:11 PST 2014"	"Wed Jan 15 23:19:17 PST 2014"	"Wed Jan 15 23:36:54 PST 2014"	""	""	""	""	"""friend"""	"""glasses"""	"0"	"""left"""	"-1"	"0"	"1"	"4"	"0"	"0"	"""2"""	"""1"""	"""TRUE"""	"""logical"""	"""FALSE"""	"-1"	"-1"	"-1"	"-1"	"-1"	"-1"	"""Bob's friends"""	"""no"""	"""41"""	"""f"""	"0"
"2ROX3YOCCF0C8YQXLY9NOIX0ESHRS3"	"2J9TP9RA7S5W5UC9UXFFD0JMH00XSU"	"What is he talking about? (1-2 mins)"	"Short and fun! A 1-2 minute word game about what someone is talking about."	"experiment, psychology, game"	"$0.20"	"Wed Jan 15 21:49:03 PST 2014"	"100"	"0"	"0"	"76"	"Reviewable"	"NotReviewed"	"1 scales"	"600"	"60000"	"Wed Jan 22 21:49:03 PST 2014"	"https://requester.mturk.com/mturk/manageHIT?HITId=2ROX3YOCCF0C8YQXLY9NOIX0ESHRS3"	"28U4E6AUBXHWBADFHE0VHZWJUJG1X9"	"AKD44INE8B0TW"	"Approved"	"Thu Jan 16 16:00:07 PST 2014"	"Wed Jan 15 23:19:19 PST 2014"	"Wed Jan 15 23:20:07 PST 2014"	"Wed Jan 15 23:36:54 PST 2014"	""	""	""	""	"""Christmas tree"""	"""ornaments"""	"0"	"""middle"""	"-1"	"0"	"1"	"4"	"0"	"0"	"""2"""	"""1"""	"""TRUE"""	"""target"""	"""TRUE"""	"-1"	"-1"	"-1"	"-1"	"-1"	"-1"	"""christmas trees"""	"""no"""	"""23"""	"""m"""	"0"
"2ROX3YOCCF0C8YQXLY9NOIX0ESHRS3"	"2J9TP9RA7S5W5UC9UXFFD0JMH00XSU"	"What is he talking about? (1-2 mins)"	"Short and fun! A 1-2 minute word game about what someone is talking about."	"experiment, psychology, game"	"$0.20"	"Wed Jan 15 21:49:03 PST 2014"	"100"	"0"	"0"	"76"	"Reviewable"	"NotReviewed"	"1 scales"	"600"	"60000"	"Wed Jan 22 21:49:03 PST 2014"	"https://requester.mturk.com/mturk/manageHIT?HITId=2ROX3YOCCF0C8YQXLY9NOIX0ESHRS3"	"2NGBDDP8PJWKD6J8TR23W39539PG5E"	"A2MKXI4KCRRI7Y"	"Approved"	"Thu Jan 16 16:03:07 PST 2014"	"Wed Jan 15 23:22:16 PST 2014"	"Wed Jan 15 23:23:07 PST 2014"	"Wed Jan 15 23:37:00 PST 2014"	""	""	""	""	"""Christmas tree"""	"""ornaments"""	"0"	"""left"""	"-1"	"0"	"1"	"4"	"0"	"0"	"""2"""	"""1"""	"""TRUE"""	"""target"""	"""TRUE"""	"-1"	"-1"	"-1"	"-1"	"-1"	"-1"	"""christmas trees"""	""""""	""""""	""""""	"0"
"2ROX3YOCCF0C8YQXLY9NOIX0ESHRS3"	"2J9TP9RA7S5W5UC9UXFFD0JMH00XSU"	"What is he talking about? (1-2 mins)"	"Short and fun! A 1-2 minute word game about what someone is talking about."	"experiment, psychology, game"	"$0.20"	"Wed Jan 15 21:49:03 PST 2014"	"100"	"0"	"0"	"76"	"Reviewable"	"NotReviewed"	"1 scales"	"600"	"60000"	"Wed Jan 22 21:49:03 PST 2014"	"https://requester.mturk.com/mturk/manageHIT?HITId=2ROX3YOCCF0C8YQXLY9NOIX0ESHRS3"	"2TOKUDD8XMB39WFZWGXUZO6Z7CEODH"	"A2KJFH8QSCARQA"	"Approved"	"Thu Jan 16 16:04:13 PST 2014"	"Wed Jan 15 23:23:27 PST 2014"	"Wed Jan 15 23:24:13 PST 2014"	"Wed Jan 15 23:37:00 PST 2014"	""	""	""	""	"""Christmas tree"""	"""star"""	"0"	"""right"""	"-1"	"0"	"1"	"4"	"0"	"0"	"""2"""	"""1"""	"""TRUE"""	"""target"""	"""TRUE"""	"-1"	"-1"	"-1"	"-1"	"-1"	"-1"	"""Which tree with a star was the ugliest."""	""""""	""""""	""""""	"0"
"2ROX3YOCCF0C8YQXLY9NOIX0ESHRS3"	"2J9TP9RA7S5W5UC9UXFFD0JMH00XSU"	"What is he talking about? (1-2 mins)"	"Short and fun! A 1-2 minute word game about what someone is talking about."	"experiment, psychology, game"	"$0.20"	"Wed Jan 15 21:49:03 PST 2014"	"100"	"0"	"0"	"76"	"Reviewable"	"NotReviewed"	"1 scales"	"600"	"60000"	"Wed Jan 22 21:49:03 PST 2014"	"https://requester.mturk.com/mturk/manageHIT?HITId=2ROX3YOCCF0C8YQXLY9NOIX0ESHRS3"	"2UO4ZMAZHHRR48W0KSEVXH1QKMSBKD"	"A22QD6M0A2C77C"	"Approved"	"Thu Jan 16 16:06:19 PST 2014"	"Wed Jan 15 23:25:05 PST 2014"	"Wed Jan 15 23:26:19 PST 2014"	"Wed Jan 15 23:37:00 PST 2014"	""	""	""	""	"""snowman"""	"""scarf"""	"0"	"""right"""	"-1"	"0"	"1"	"4"	"0"	"0"	"""2"""	"""1"""	"""TRUE"""	"""logical"""	"""FALSE"""	"-1"	"-1"	"-1"	"-1"	"-1"	"-1"	"""reasoning skills"""	""""""	"""41"""	"""m"""	"0"
"2ROX3YOCCF0C8YQXLY9NOIX0ESHRS3"	"2J9TP9RA7S5W5UC9UXFFD0JMH00XSU"	"What is he talking about? (1-2 mins)"	"Short and fun! A 1-2 minute word game about what someone is talking about."	"experiment, psychology, game"	"$0.20"	"Wed Jan 15 21:49:03 PST 2014"	"100"	"0"	"0"	"76"	"Reviewable"	"NotReviewed"	"1 scales"	"600"	"60000"	"Wed Jan 22 21:49:03 PST 2014"	"https://requester.mturk.com/mturk/manageHIT?HITId=2ROX3YOCCF0C8YQXLY9NOIX0ESHRS3"	"2CTO3W5XH0JP8LO2G35PRSPD8I4JDT"	"A1FI4N1YWB5JZ3"	"Approved"	"Thu Jan 16 16:06:32 PST 2014"	"Wed Jan 15 23:25:30 PST 2014"	"Wed Jan 15 23:26:32 PST 2014"	"Wed Jan 15 23:37:00 PST 2014"	""	""	""	""	"""sundae"""	"""chocolate"""	"0"	"""right"""	"-1"	"0"	"1"	"4"	"0"	"0"	"""2"""	"""1"""	"""TRUE"""	"""logical"""	"""FALSE"""	"-1"	"-1"	"-1"	"-1"	"-1"	"-1"	"""Sundaes that Bob eats"""	""""""	"""25"""	"""M"""	"0"
"2ROX3YOCCF0C8YQXLY9NOIX0ESHRS3"	"2J9TP9RA7S5W5UC9UXFFD0JMH00XSU"	"What is he talking about? (1-2 mins)"	"Short and fun! A 1-2 minute word game about what someone is talking about."	"experiment, psychology, game"	"$0.20"	"Wed Jan 15 21:49:03 PST 2014"	"100"	"0"	"0"	"76"	"Reviewable"	"NotReviewed"	"1 scales"	"600"	"60000"	"Wed Jan 22 21:49:03 PST 2014"	"https://requester.mturk.com/mturk/manageHIT?HITId=2ROX3YOCCF0C8YQXLY9NOIX0ESHRS3"	"2WIU6L5OBVCIKK3X0F9JL7G048XZG4"	"A1SR24D81D4LZO"	"Approved"	"Thu Jan 16 16:08:37 PST 2014"	"Wed Jan 15 23:27:26 PST 2014"	"Wed Jan 15 23:28:37 PST 2014"	"Wed Jan 15 23:37:00 PST 2014"	""	""	""	""	"""snowman"""	"""scarf"""	"0"	"""right"""	"-1"	"0"	"1"	"4"	"0"	"0"	"""2"""	"""1"""	"""TRUE"""	"""target"""	"""TRUE"""	"-1"	"-1"	"-1"	"-1"	"-1"	"-1"	"""Ugly snowmen"""	""""""	"""22"""	"""m"""	"0"
"2ROX3YOCCF0C8YQXLY9NOIX0ESHRS3"	"2J9TP9RA7S5W5UC9UXFFD0JMH00XSU"	"What is he talking about? (1-2 mins)"	"Short and fun! A 1-2 minute word game about what someone is talking about."	"experiment, psychology, game"	"$0.20"	"Wed Jan 15 21:49:03 PST 2014"	"100"	"0"	"0"	"76"	"Reviewable"	"NotReviewed"	"1 scales"	"600"	"60000"	"Wed Jan 22 21:49:03 PST 2014"	"https://requester.mturk.com/mturk/manageHIT?HITId=2ROX3YOCCF0C8YQXLY9NOIX0ESHRS3"	"2IPMB3Q39Z0BPNZO2YVE1ST1UIZUJE"	"A4PFM9Z80RXUY"	"Approved"	"Thu Jan 16 16:10:21 PST 2014"	"Wed Jan 15 23:27:55 PST 2014"	"Wed Jan 15 23:30:21 PST 2014"	"Wed Jan 15 23:37:00 PST 2014"	""	""	""	""	"""friend"""	"""hat"""	"0"	"""middle"""	"-1"	"0"	"1"	"4"	"0"	"0"	"""2"""	"""1"""	"""TRUE"""	"""target"""	"""TRUE"""	"-1"	"-1"	"-1"	"-1"	"-1"	"-1"	"""Probably whether or not I assume that the one with the glasses and a hat is the ugly friend."""	"""No."""	"""22"""	"""f"""	"0"
"2ROX3YOCCF0C8YQXLY9NOIX0ESHRS3"	"2J9TP9RA7S5W5UC9UXFFD0JMH00XSU"	"What is he talking about? (1-2 mins)"	"Short and fun! A 1-2 minute word game about what someone is talking about."	"experiment, psychology, game"	"$0.20"	"Wed Jan 15 21:49:03 PST 2014"	"100"	"0"	"0"	"76"	"Reviewable"	"NotReviewed"	"1 scales"	"600"	"60000"	"Wed Jan 22 21:49:03 PST 2014"	"https://requester.mturk.com/mturk/manageHIT?HITId=2ROX3YOCCF0C8YQXLY9NOIX0ESHRS3"	"2Z8FL6VCPWZ9AGJWETM1Y7ST6BD8NH"	"A1KRTQSGR14VMD"	"Approved"	"Thu Jan 16 16:12:27 PST 2014"	"Wed Jan 15 23:31:18 PST 2014"	"Wed Jan 15 23:32:27 PST 2014"	"Wed Jan 15 23:37:01 PST 2014"	""	""	""	""	"""pizza"""	"""peppers"""	"0"	"""middle"""	"-1"	"0"	"1"	"4"	"0"	"0"	"""2"""	"""1"""	"""TRUE"""	"""target"""	"""TRUE"""	"-1"	"-1"	"-1"	"-1"	"-1"	"-1"	"""word meaning interpretation"""	"""no"""	"""25"""	"""m"""	"0"
"2ROX3YOCCF0C8YQXLY9NOIX0ESHRS3"	"2J9TP9RA7S5W5UC9UXFFD0JMH00XSU"	"What is he talking about? (1-2 mins)"	"Short and fun! A 1-2 minute word game about what someone is talking about."	"experiment, psychology, game"	"$0.20"	"Wed Jan 15 21:49:03 PST 2014"	"100"	"0"	"0"	"76"	"Reviewable"	"NotReviewed"	"1 scales"	"600"	"60000"	"Wed Jan 22 21:49:03 PST 2014"	"https://requester.mturk.com/mturk/manageHIT?HITId=2ROX3YOCCF0C8YQXLY9NOIX0ESHRS3"	"27VV0FK0COK2277M3UBKFLR29MKIPW"	"A1MB04JL4HM6IB"	"Approved"	"Thu Jan 16 16:28:40 PST 2014"	"Wed Jan 15 23:47:43 PST 2014"	"Wed Jan 15 23:48:40 PST 2014"	"Thu Jan 16 01:59:17 PST 2014"	""	""	""	""	"""boat"""	"""sail"""	"0"	"""left"""	"-1"	"0"	"1"	"4"	"0"	"0"	"""2"""	"""1"""	"""TRUE"""	"""target"""	"""TRUE"""	"-1"	"-1"	"-1"	"-1"	"-1"	"-1"	"""Boats"""	"""No"""	"""20"""	"""M"""	"0"
"2ROX3YOCCF0C8YQXLY9NOIX0ESHRS3"	"2J9TP9RA7S5W5UC9UXFFD0JMH00XSU"	"What is he talking about? (1-2 mins)"	"Short and fun! A 1-2 minute word game about what someone is talking about."	"experiment, psychology, game"	"$0.20"	"Wed Jan 15 21:49:03 PST 2014"	"100"	"0"	"0"	"76"	"Reviewable"	"NotReviewed"	"1 scales"	"600"	"60000"	"Wed Jan 22 21:49:03 PST 2014"	"https://requester.mturk.com/mturk/manageHIT?HITId=2ROX3YOCCF0C8YQXLY9NOIX0ESHRS3"	"2UG2L92HECWAPQ9YKH3F6CPBNVAIHR"	"A269JSFR6BWAW3"	"Approved"	"Thu Jan 16 16:28:46 PST 2014"	"Wed Jan 15 23:47:02 PST 2014"	"Wed Jan 15 23:48:46 PST 2014"	"Thu Jan 16 01:59:18 PST 2014"	""	""	""	""	"""Christmas tree"""	"""star"""	"0"	"""left"""	"-1"	"0"	"1"	"4"	"0"	"0"	"""2"""	"""1"""	"""TRUE"""	"""target"""	"""TRUE"""	"-1"	"-1"	"-1"	"-1"	"-1"	"-1"	"""Understanding what Bob was directly referring to."""	"""No """	"""24"""	"""f"""	"0"
"2ROX3YOCCF0C8YQXLY9NOIX0ESHRS3"	"2J9TP9RA7S5W5UC9UXFFD0JMH00XSU"	"What is he talking about? (1-2 mins)"	"Short and fun! A 1-2 minute word game about what someone is talking about."	"experiment, psychology, game"	"$0.20"	"Wed Jan 15 21:49:03 PST 2014"	"100"	"0"	"0"	"76"	"Reviewable"	"NotReviewed"	"1 scales"	"600"	"60000"	"Wed Jan 22 21:49:03 PST 2014"	"https://requester.mturk.com/mturk/manageHIT?HITId=2ROX3YOCCF0C8YQXLY9NOIX0ESHRS3"	"2HOGKCCVLL3CTW9MDFGQAC9TTST6WM"	"A17K8RZNM8VLTK"	"Approved"	"Thu Jan 16 16:32:09 PST 2014"	"Wed Jan 15 23:51:22 PST 2014"	"Wed Jan 15 23:52:09 PST 2014"	"Thu Jan 16 01:59:18 PST 2014"	""	""	""	""	"""snowman"""	"""scarf"""	"0"	"""right"""	"-1"	"0"	"1"	"4"	"0"	"0"	"""2"""	"""1"""	"""TRUE"""	"""target"""	"""TRUE"""	"-1"	"-1"	"-1"	"-1"	"-1"	"-1"	"""snowmen"""	"""no"""	"""24"""	"""m"""	"0"
"2ROX3YOCCF0C8YQXLY9NOIX0ESHRS3"	"2J9TP9RA7S5W5UC9UXFFD0JMH00XSU"	"What is he talking about? (1-2 mins)"	"Short and fun! A 1-2 minute word game about what someone is talking about."	"experiment, psychology, game"	"$0.20"	"Wed Jan 15 21:49:03 PST 2014"	"100"	"0"	"0"	"76"	"Reviewable"	"NotReviewed"	"1 scales"	"600"	"60000"	"Wed Jan 22 21:49:03 PST 2014"	"https://requester.mturk.com/mturk/manageHIT?HITId=2ROX3YOCCF0C8YQXLY9NOIX0ESHRS3"	"2S0IUB2YU98J0LZL78C0LBJFLMY9L8"	"A2AT0G92TP7HCG"	"Approved"	"Thu Jan 16 16:38:14 PST 2014"	"Wed Jan 15 23:57:43 PST 2014"	"Wed Jan 15 23:58:14 PST 2014"	"Thu Jan 16 01:59:18 PST 2014"	""	""	""	""	"""boat"""	"""motor"""	"0"	"""left"""	"-1"	"0"	"1"	"4"	"0"	"0"	"""2"""	"""1"""	"""FALSE"""	"""target"""	"""TRUE"""	"-1"	"-1"	"-1"	"-1"	"-1"	"-1"	"""oat"""	"""none"""	"""25"""	"""m"""	"0"
"2ROX3YOCCF0C8YQXLY9NOIX0ESHRS3"	"2J9TP9RA7S5W5UC9UXFFD0JMH00XSU"	"What is he talking about? (1-2 mins)"	"Short and fun! A 1-2 minute word game about what someone is talking about."	"experiment, psychology, game"	"$0.20"	"Wed Jan 15 21:49:03 PST 2014"	"100"	"0"	"0"	"76"	"Reviewable"	"NotReviewed"	"1 scales"	"600"	"60000"	"Wed Jan 22 21:49:03 PST 2014"	"https://requester.mturk.com/mturk/manageHIT?HITId=2ROX3YOCCF0C8YQXLY9NOIX0ESHRS3"	"2FD8I9NZW6HEIZUE0VN7Z86FJS9MWD"	"AQE1530F9RI0Q"	"Approved"	"Thu Jan 16 16:40:21 PST 2014"	"Wed Jan 15 23:59:52 PST 2014"	"Thu Jan 16 00:00:21 PST 2014"	"Thu Jan 16 01:59:18 PST 2014"	""	""	""	""	"""Christmas tree"""	"""lights"""	"0"	"""right"""	"-1"	"0"	"1"	"4"	"0"	"0"	"""2"""	"""1"""	"""TRUE"""	"""logical"""	"""FALSE"""	"-1"	"-1"	"-1"	"-1"	"-1"	"-1"	"""tree"""	"""no"""	"""25"""	"""f"""	"0"
"2ROX3YOCCF0C8YQXLY9NOIX0ESHRS3"	"2J9TP9RA7S5W5UC9UXFFD0JMH00XSU"	"What is he talking about? (1-2 mins)"	"Short and fun! A 1-2 minute word game about what someone is talking about."	"experiment, psychology, game"	"$0.20"	"Wed Jan 15 21:49:03 PST 2014"	"100"	"0"	"0"	"76"	"Reviewable"	"NotReviewed"	"1 scales"	"600"	"60000"	"Wed Jan 22 21:49:03 PST 2014"	"https://requester.mturk.com/mturk/manageHIT?HITId=2ROX3YOCCF0C8YQXLY9NOIX0ESHRS3"	"28M98JHSTLB34TLBFE9OHJEPUCIFRW"	"AY5UUD6VO5O88"	"Approved"	"Thu Jan 16 16:42:24 PST 2014"	"Thu Jan 16 00:01:31 PST 2014"	"Thu Jan 16 00:02:24 PST 2014"	"Thu Jan 16 01:59:18 PST 2014"	""	""	""	""	"""sundae"""	"""chocolate"""	"0"	"""middle"""	"-1"	"0"	"1"	"4"	"0"	"0"	"""2"""	"""1"""	"""TRUE"""	"""target"""	"""TRUE"""	"-1"	"-1"	"-1"	"-1"	"-1"	"-1"	"""Bob's ice cream"""	""""""	""""""	""""""	"0"
"2ROX3YOCCF0C8YQXLY9NOIX0ESHRS3"	"2J9TP9RA7S5W5UC9UXFFD0JMH00XSU"	"What is he talking about? (1-2 mins)"	"Short and fun! A 1-2 minute word game about what someone is talking about."	"experiment, psychology, game"	"$0.20"	"Wed Jan 15 21:49:03 PST 2014"	"100"	"0"	"0"	"76"	"Reviewable"	"NotReviewed"	"1 scales"	"600"	"60000"	"Wed Jan 22 21:49:03 PST 2014"	"https://requester.mturk.com/mturk/manageHIT?HITId=2ROX3YOCCF0C8YQXLY9NOIX0ESHRS3"	"2MOYB49F9SSS0Q71FTESZ5HBI66VR0"	"A2GNS8YQ7S233F"	"Approved"	"Thu Jan 16 16:42:56 PST 2014"	"Thu Jan 16 00:02:14 PST 2014"	"Thu Jan 16 00:02:56 PST 2014"	"Thu Jan 16 01:59:18 PST 2014"	""	""	""	""	"""friend"""	"""hat"""	"0"	"""middle"""	"-1"	"0"	"1"	"4"	"0"	"0"	"""2"""	"""1"""	"""TRUE"""	"""target"""	"""TRUE"""	"-1"	"-1"	"-1"	"-1"	"-1"	"-1"	"""Who Bob was referring to when he said the person with the hat"""	""""""	"""24"""	"""m"""	"0"
"2ROX3YOCCF0C8YQXLY9NOIX0ESHRS3"	"2J9TP9RA7S5W5UC9UXFFD0JMH00XSU"	"What is he talking about? (1-2 mins)"	"Short and fun! A 1-2 minute word game about what someone is talking about."	"experiment, psychology, game"	"$0.20"	"Wed Jan 15 21:49:03 PST 2014"	"100"	"0"	"0"	"76"	"Reviewable"	"NotReviewed"	"1 scales"	"600"	"60000"	"Wed Jan 22 21:49:03 PST 2014"	"https://requester.mturk.com/mturk/manageHIT?HITId=2ROX3YOCCF0C8YQXLY9NOIX0ESHRS3"	"2NTX3V0FK0CO3VPEXRYPQK9RUUTNGF"	"A2491H4HKCA9P2"	"Approved"	"Thu Jan 16 16:43:50 PST 2014"	"Thu Jan 16 00:01:48 PST 2014"	"Thu Jan 16 00:03:50 PST 2014"	"Thu Jan 16 01:59:19 PST 2014"	""	""	""	""	"""snowman"""	"""scarf"""	"0"	"""left"""	"-1"	"0"	"1"	"4"	"0"	"0"	"""2"""	"""1"""	"""FALSE"""	"""target"""	"""TRUE"""	"-1"	"-1"	"-1"	"-1"	"-1"	"-1"	"""Identifying a snowman and subjective judgments"""	"""No"""	"""23"""	"""m"""	"0"
"2ROX3YOCCF0C8YQXLY9NOIX0ESHRS3"	"2J9TP9RA7S5W5UC9UXFFD0JMH00XSU"	"What is he talking about? (1-2 mins)"	"Short and fun! A 1-2 minute word game about what someone is talking about."	"experiment, psychology, game"	"$0.20"	"Wed Jan 15 21:49:03 PST 2014"	"100"	"0"	"0"	"76"	"Reviewable"	"NotReviewed"	"1 scales"	"600"	"60000"	"Wed Jan 22 21:49:03 PST 2014"	"https://requester.mturk.com/mturk/manageHIT?HITId=2ROX3YOCCF0C8YQXLY9NOIX0ESHRS3"	"2RSJPPSI2KYE8EYP3ABLS6WP6MYKQ3"	"AKHVTWTHW5VID"	"Approved"	"Thu Jan 16 16:49:42 PST 2014"	"Thu Jan 16 00:08:30 PST 2014"	"Thu Jan 16 00:09:42 PST 2014"	"Thu Jan 16 01:59:19 PST 2014"	""	""	""	""	"""boat"""	"""sail"""	"0"	"""left"""	"-1"	"0"	"1"	"4"	"0"	"0"	"""2"""	"""1"""	"""TRUE"""	"""logical"""	"""FALSE"""	"-1"	"-1"	"-1"	"-1"	"-1"	"-1"	"""Who he thinks is the ugliest boat"""	"""No"""	""""""	"""m"""	"0"
"2ROX3YOCCF0C8YQXLY9NOIX0ESHRS3"	"2J9TP9RA7S5W5UC9UXFFD0JMH00XSU"	"What is he talking about? (1-2 mins)"	"Short and fun! A 1-2 minute word game about what someone is talking about."	"experiment, psychology, game"	"$0.20"	"Wed Jan 15 21:49:03 PST 2014"	"100"	"0"	"0"	"76"	"Reviewable"	"NotReviewed"	"1 scales"	"600"	"60000"	"Wed Jan 22 21:49:03 PST 2014"	"https://requester.mturk.com/mturk/manageHIT?HITId=2ROX3YOCCF0C8YQXLY9NOIX0ESHRS3"	"2D9VWAVKI62N2J8137Q9FQHCEI9QIY"	"AZ4AFEZS407LU"	"Approved"	"Thu Jan 16 16:50:50 PST 2014"	"Thu Jan 16 00:09:54 PST 2014"	"Thu Jan 16 00:10:50 PST 2014"	"Thu Jan 16 01:59:19 PST 2014"	""	""	""	""	"""boat"""	"""motor"""	"0"	"""middle"""	"-1"	"0"	"1"	"4"	"0"	"0"	"""2"""	"""1"""	"""TRUE"""	"""target"""	"""TRUE"""	"-1"	"-1"	"-1"	"-1"	"-1"	"-1"	"""Boats"""	"""no"""	""""""	"""m"""	"0"
"2ROX3YOCCF0C8YQXLY9NOIX0ESHRS3"	"2J9TP9RA7S5W5UC9UXFFD0JMH00XSU"	"What is he talking about? (1-2 mins)"	"Short and fun! A 1-2 minute word game about what someone is talking about."	"experiment, psychology, game"	"$0.20"	"Wed Jan 15 21:49:03 PST 2014"	"100"	"0"	"0"	"76"	"Reviewable"	"NotReviewed"	"1 scales"	"600"	"60000"	"Wed Jan 22 21:49:03 PST 2014"	"https://requester.mturk.com/mturk/manageHIT?HITId=2ROX3YOCCF0C8YQXLY9NOIX0ESHRS3"	"224XKNQY2RCJ3Z9ZRJUHX0K0L8G2R2"	"AVV4KDLSDAS9E"	"Approved"	"Thu Jan 16 16:58:29 PST 2014"	"Thu Jan 16 00:16:20 PST 2014"	"Thu Jan 16 00:18:29 PST 2014"	"Thu Jan 16 01:59:19 PST 2014"	""	""	""	""	"""friend"""	"""mustache"""	"0"	"""right"""	"-1"	"0"	"1"	"4"	"0"	"0"	"""2"""	"""1"""	"""TRUE"""	"""logical"""	"""FALSE"""	"-1"	"-1"	"-1"	"-1"	"-1"	"-1"	"""How we make decisions based on limited verbal information"""	"""No"""	"""50"""	"""m"""	"0"
"2ROX3YOCCF0C8YQXLY9NOIX0ESHRS3"	"2J9TP9RA7S5W5UC9UXFFD0JMH00XSU"	"What is he talking about? (1-2 mins)"	"Short and fun! A 1-2 minute word game about what someone is talking about."	"experiment, psychology, game"	"$0.20"	"Wed Jan 15 21:49:03 PST 2014"	"100"	"0"	"0"	"76"	"Reviewable"	"NotReviewed"	"1 scales"	"600"	"60000"	"Wed Jan 22 21:49:03 PST 2014"	"https://requester.mturk.com/mturk/manageHIT?HITId=2ROX3YOCCF0C8YQXLY9NOIX0ESHRS3"	"2PB51Y7QEOZFHJY18XKMUFXXGQTDGP"	"A1G9D8FUQPH5HE"	"Approved"	"Thu Jan 16 17:01:40 PST 2014"	"Thu Jan 16 00:19:43 PST 2014"	"Thu Jan 16 00:21:40 PST 2014"	"Thu Jan 16 01:59:19 PST 2014"	""	""	""	""	"""sundae"""	"""cherry"""	"0"	"""right"""	"-1"	"0"	"1"	"4"	"0"	"0"	"""2"""	"""1"""	"""TRUE"""	"""target"""	"""TRUE"""	"-1"	"-1"	"-1"	"-1"	"-1"	"-1"	"""Interpretations"""	""""""	""""""	""""""	"0"
"2ROX3YOCCF0C8YQXLY9NOIX0ESHRS3"	"2J9TP9RA7S5W5UC9UXFFD0JMH00XSU"	"What is he talking about? (1-2 mins)"	"Short and fun! A 1-2 minute word game about what someone is talking about."	"experiment, psychology, game"	"$0.20"	"Wed Jan 15 21:49:03 PST 2014"	"100"	"0"	"0"	"76"	"Reviewable"	"NotReviewed"	"1 scales"	"600"	"60000"	"Wed Jan 22 21:49:03 PST 2014"	"https://requester.mturk.com/mturk/manageHIT?HITId=2ROX3YOCCF0C8YQXLY9NOIX0ESHRS3"	"2JUHECWA6X3Y75IFWHG5QXPZLL7LML"	"A3RF5Y6M8IIKS"	"Approved"	"Thu Jan 16 17:01:44 PST 2014"	"Thu Jan 16 00:20:34 PST 2014"	"Thu Jan 16 00:21:44 PST 2014"	"Thu Jan 16 01:59:19 PST 2014"	""	""	""	""	"""boat"""	"""sail"""	"0"	"""middle"""	"-1"	"0"	"1"	"4"	"0"	"0"	"""2"""	"""1"""	"""TRUE"""	"""logical"""	"""FALSE"""	"-1"	"-1"	"-1"	"-1"	"-1"	"-1"	"""Boats that Bob sails"""	"""Thank you!"""	"""26"""	"""f"""	"0"
"2ROX3YOCCF0C8YQXLY9NOIX0ESHRS3"	"2J9TP9RA7S5W5UC9UXFFD0JMH00XSU"	"What is he talking about? (1-2 mins)"	"Short and fun! A 1-2 minute word game about what someone is talking about."	"experiment, psychology, game"	"$0.20"	"Wed Jan 15 21:49:03 PST 2014"	"100"	"0"	"0"	"76"	"Reviewable"	"NotReviewed"	"1 scales"	"600"	"60000"	"Wed Jan 22 21:49:03 PST 2014"	"https://requester.mturk.com/mturk/manageHIT?HITId=2ROX3YOCCF0C8YQXLY9NOIX0ESHRS3"	"20W5UUKQOYGN1P7NODFG610DVT6XFD"	"A19RQWEFUEB1QU"	"Approved"	"Thu Jan 16 17:04:52 PST 2014"	"Thu Jan 16 00:23:46 PST 2014"	"Thu Jan 16 00:24:52 PST 2014"	"Thu Jan 16 01:59:20 PST 2014"	""	""	""	""	"""Christmas tree"""	"""ornaments"""	"0"	"""right"""	"-1"	"0"	"1"	"4"	"0"	"0"	"""2"""	"""1"""	"""TRUE"""	"""target"""	"""TRUE"""	"-1"	"-1"	"-1"	"-1"	"-1"	"-1"	"""language and cognition"""	""""""	""""""	"""m"""	"0"
"2ROX3YOCCF0C8YQXLY9NOIX0ESHRS3"	"2J9TP9RA7S5W5UC9UXFFD0JMH00XSU"	"What is he talking about? (1-2 mins)"	"Short and fun! A 1-2 minute word game about what someone is talking about."	"experiment, psychology, game"	"$0.20"	"Wed Jan 15 21:49:03 PST 2014"	"100"	"0"	"0"	"76"	"Reviewable"	"NotReviewed"	"1 scales"	"600"	"60000"	"Wed Jan 22 21:49:03 PST 2014"	"https://requester.mturk.com/mturk/manageHIT?HITId=2ROX3YOCCF0C8YQXLY9NOIX0ESHRS3"	"23UD5NQYN5F39TPG1YPMTCW4E20B7F"	"AZLBLEDRP6UYM"	"Approved"	"Thu Jan 16 17:09:01 PST 2014"	"Thu Jan 16 00:28:15 PST 2014"	"Thu Jan 16 00:29:01 PST 2014"	"Thu Jan 16 01:59:20 PST 2014"	""	""	""	""	"""boat"""	"""motor"""	"0"	"""middle"""	"-1"	"0"	"1"	"4"	"0"	"0"	"""2"""	"""1"""	"""TRUE"""	"""logical"""	"""FALSE"""	"-1"	"-1"	"-1"	"-1"	"-1"	"-1"	"""Interpretation"""	""""""	"""24"""	"""m"""	"0"
"2ROX3YOCCF0C8YQXLY9NOIX0ESHRS3"	"2J9TP9RA7S5W5UC9UXFFD0JMH00XSU"	"What is he talking about? (1-2 mins)"	"Short and fun! A 1-2 minute word game about what someone is talking about."	"experiment, psychology, game"	"$0.20"	"Wed Jan 15 21:49:03 PST 2014"	"100"	"0"	"0"	"76"	"Reviewable"	"NotReviewed"	"1 scales"	"600"	"60000"	"Wed Jan 22 21:49:03 PST 2014"	"https://requester.mturk.com/mturk/manageHIT?HITId=2ROX3YOCCF0C8YQXLY9NOIX0ESHRS3"	"27P2Q45UUKQOH9TIS6ESEOG64YXCUP"	"A1M693UGI75Q7Q"	"Approved"	"Thu Jan 16 17:10:45 PST 2014"	"Thu Jan 16 00:25:48 PST 2014"	"Thu Jan 16 00:30:45 PST 2014"	"Thu Jan 16 01:59:20 PST 2014"	""	""	""	""	"""Christmas tree"""	"""lights"""	"0"	"""left"""	"-1"	"0"	"1"	"4"	"0"	"0"	"""2"""	"""1"""	"""FALSE"""	"""logical"""	"""FALSE"""	"-1"	"-1"	"-1"	"-1"	"-1"	"-1"	"""Trying to decipher what tree Joe thought was ugly using the limited information we had about him"""	""""""	"""19"""	"""m"""	"0"
"2ROX3YOCCF0C8YQXLY9NOIX0ESHRS3"	"2J9TP9RA7S5W5UC9UXFFD0JMH00XSU"	"What is he talking about? (1-2 mins)"	"Short and fun! A 1-2 minute word game about what someone is talking about."	"experiment, psychology, game"	"$0.20"	"Wed Jan 15 21:49:03 PST 2014"	"100"	"0"	"0"	"76"	"Reviewable"	"NotReviewed"	"1 scales"	"600"	"60000"	"Wed Jan 22 21:49:03 PST 2014"	"https://requester.mturk.com/mturk/manageHIT?HITId=2ROX3YOCCF0C8YQXLY9NOIX0ESHRS3"	"2BQ7QEOZFYQSK5YTIT6XXDSALARGJ7"	"A1WUQ217QN5Y99"	"Approved"	"Thu Jan 16 17:14:14 PST 2014"	"Thu Jan 16 00:33:13 PST 2014"	"Thu Jan 16 00:34:14 PST 2014"	"Thu Jan 16 01:59:20 PST 2014"	""	""	""	""	"""boat"""	"""sail"""	"0"	"""middle"""	"-1"	"0"	"1"	"4"	"0"	"0"	"""2"""	"""1"""	"""FALSE"""	"""target"""	"""TRUE"""	"-1"	"-1"	"-1"	"-1"	"-1"	"-1"	"""It was about language."""	"""No."""	"""26"""	"""m"""	"0"
"2ROX3YOCCF0C8YQXLY9NOIX0ESHRS3"	"2J9TP9RA7S5W5UC9UXFFD0JMH00XSU"	"What is he talking about? (1-2 mins)"	"Short and fun! A 1-2 minute word game about what someone is talking about."	"experiment, psychology, game"	"$0.20"	"Wed Jan 15 21:49:03 PST 2014"	"100"	"0"	"0"	"76"	"Reviewable"	"NotReviewed"	"1 scales"	"600"	"60000"	"Wed Jan 22 21:49:03 PST 2014"	"https://requester.mturk.com/mturk/manageHIT?HITId=2ROX3YOCCF0C8YQXLY9NOIX0ESHRS3"	"21U4SMEZZ2MI3FT9QDG9438ZZUOL4S"	"A3AM2UIDODXP8O"	"Approved"	"Thu Jan 16 17:18:15 PST 2014"	"Thu Jan 16 00:36:59 PST 2014"	"Thu Jan 16 00:38:15 PST 2014"	"Thu Jan 16 01:59:21 PST 2014"	""	""	""	""	"""snowman"""	"""mittens"""	"0"	"""middle"""	"-1"	"0"	"1"	"4"	"0"	"0"	"""2"""	"""1"""	"""TRUE"""	"""target"""	"""TRUE"""	"-1"	"-1"	"-1"	"-1"	"-1"	"-1"	"""memory"""	""""""	"""23"""	"""f"""	"0"
"2ROX3YOCCF0C8YQXLY9NOIX0ESHRS3"	"2J9TP9RA7S5W5UC9UXFFD0JMH00XSU"	"What is he talking about? (1-2 mins)"	"Short and fun! A 1-2 minute word game about what someone is talking about."	"experiment, psychology, game"	"$0.20"	"Wed Jan 15 21:49:03 PST 2014"	"100"	"0"	"0"	"76"	"Reviewable"	"NotReviewed"	"1 scales"	"600"	"60000"	"Wed Jan 22 21:49:03 PST 2014"	"https://requester.mturk.com/mturk/manageHIT?HITId=2ROX3YOCCF0C8YQXLY9NOIX0ESHRS3"	"211ZJMJUNU8LIZX7WLWRF8DEM1O0GN"	"A19EI43NA8HLDL"	"Approved"	"Thu Jan 16 17:24:08 PST 2014"	"Thu Jan 16 00:43:25 PST 2014"	"Thu Jan 16 00:44:08 PST 2014"	"Thu Jan 16 01:59:21 PST 2014"	""	""	""	""	"""sundae"""	"""whipped cream"""	"0"	"""middle"""	"-1"	"0"	"1"	"4"	"0"	"0"	"""2"""	"""1"""	"""TRUE"""	"""logical"""	"""FALSE"""	"-1"	"-1"	"-1"	"-1"	"-1"	"-1"	"""sundaes"""	"""I feel like I guessed."""	"""36"""	"""m"""	"0"
"2ROX3YOCCF0C8YQXLY9NOIX0ESHRS3"	"2J9TP9RA7S5W5UC9UXFFD0JMH00XSU"	"What is he talking about? (1-2 mins)"	"Short and fun! A 1-2 minute word game about what someone is talking about."	"experiment, psychology, game"	"$0.20"	"Wed Jan 15 21:49:03 PST 2014"	"100"	"0"	"0"	"76"	"Reviewable"	"NotReviewed"	"1 scales"	"600"	"60000"	"Wed Jan 22 21:49:03 PST 2014"	"https://requester.mturk.com/mturk/manageHIT?HITId=2ROX3YOCCF0C8YQXLY9NOIX0ESHRS3"	"2K22SEIUUU007JQK699IY8S8X0XRR7"	"A14ZTMBX4ZC774"	"Approved"	"Thu Jan 16 17:24:56 PST 2014"	"Thu Jan 16 00:44:02 PST 2014"	"Thu Jan 16 00:44:56 PST 2014"	"Thu Jan 16 01:59:21 PST 2014"	""	""	""	""	"""snowman"""	"""mittens"""	"0"	"""middle"""	"-1"	"0"	"1"	"4"	"0"	"0"	"""2"""	"""1"""	"""TRUE"""	"""logical"""	"""FALSE"""	"-1"	"-1"	"-1"	"-1"	"-1"	"-1"	"""Language comprehension"""	"""Very short"""	"""19"""	"""o"""	"0"
"2ROX3YOCCF0C8YQXLY9NOIX0ESHRS3"	"2J9TP9RA7S5W5UC9UXFFD0JMH00XSU"	"What is he talking about? (1-2 mins)"	"Short and fun! A 1-2 minute word game about what someone is talking about."	"experiment, psychology, game"	"$0.20"	"Wed Jan 15 21:49:03 PST 2014"	"100"	"0"	"0"	"76"	"Reviewable"	"NotReviewed"	"1 scales"	"600"	"60000"	"Wed Jan 22 21:49:03 PST 2014"	"https://requester.mturk.com/mturk/manageHIT?HITId=2ROX3YOCCF0C8YQXLY9NOIX0ESHRS3"	"2NRKPFE4EGDHWF85HD99TZWCKCRI8J"	"AGSDMZD9LBCMC"	"Submitted"	"Thu Jan 16 17:25:39 PST 2014"	"Thu Jan 16 00:44:37 PST 2014"	"Thu Jan 16 00:45:39 PST 2014"	""	""	""	""	""	"""Christmas tree"""	"""star"""	"0"	"""left"""	"-1"	"0"	"1"	"4"	"0"	"0"	"""2"""	"""1"""	"""TRUE"""	"""target"""	"""TRUE"""	"-1"	"-1"	"-1"	"-1"	"-1"	"-1"	"""Trying to figure out which tree Bob disliked"""	""""""	"""20"""	"""m"""	"0"
"2ROX3YOCCF0C8YQXLY9NOIX0ESHRS3"	"2J9TP9RA7S5W5UC9UXFFD0JMH00XSU"	"What is he talking about? (1-2 mins)"	"Short and fun! A 1-2 minute word game about what someone is talking about."	"experiment, psychology, game"	"$0.20"	"Wed Jan 15 21:49:03 PST 2014"	"100"	"0"	"0"	"76"	"Reviewable"	"NotReviewed"	"1 scales"	"600"	"60000"	"Wed Jan 22 21:49:03 PST 2014"	"https://requester.mturk.com/mturk/manageHIT?HITId=2ROX3YOCCF0C8YQXLY9NOIX0ESHRS3"	"2YM3K4F0OHOVAUAITPF2R92NHAR12A"	"A1NT5ZVSF2LG3Z"	"Submitted"	"Thu Jan 16 17:42:43 PST 2014"	"Thu Jan 16 01:00:36 PST 2014"	"Thu Jan 16 01:02:43 PST 2014"	""	""	""	""	""	"""Christmas tree"""	"""lights"""	"0"	"""right"""	"-1"	"0"	"1"	"4"	"0"	"0"	"""2"""	"""1"""	"""TRUE"""	"""target"""	"""TRUE"""	"-1"	"-1"	"-1"	"-1"	"-1"	"-1"	"""Bob's Christmas trees and which ones of them had lights"""	""""""	"""28"""	"""M"""	"0"
"2ROX3YOCCF0C8YQXLY9NOIX0ESHRS3"	"2J9TP9RA7S5W5UC9UXFFD0JMH00XSU"	"What is he talking about? (1-2 mins)"	"Short and fun! A 1-2 minute word game about what someone is talking about."	"experiment, psychology, game"	"$0.20"	"Wed Jan 15 21:49:03 PST 2014"	"100"	"0"	"0"	"76"	"Reviewable"	"NotReviewed"	"1 scales"	"600"	"60000"	"Wed Jan 22 21:49:03 PST 2014"	"https://requester.mturk.com/mturk/manageHIT?HITId=2ROX3YOCCF0C8YQXLY9NOIX0ESHRS3"	"20K1CSTMOFXRWLAI865YJNXPIKZSPB"	"A1PN7RRABMIG28"	"Submitted"	"Thu Jan 16 18:09:33 PST 2014"	"Thu Jan 16 01:28:38 PST 2014"	"Thu Jan 16 01:29:33 PST 2014"	""	""	""	""	""	"""friend"""	"""mustache"""	"0"	"""left"""	"-1"	"0"	"1"	"4"	"0"	"0"	"""2"""	"""1"""	"""TRUE"""	"""target"""	"""TRUE"""	"-1"	"-1"	"-1"	"-1"	"-1"	"-1"	"""Bob's friends really."""	"""Nice Survey Thanks!"""	"""21"""	"""m"""	"0"
"2ROX3YOCCF0C8YQXLY9NOIX0ESHRS3"	"2J9TP9RA7S5W5UC9UXFFD0JMH00XSU"	"What is he talking about? (1-2 mins)"	"Short and fun! A 1-2 minute word game about what someone is talking about."	"experiment, psychology, game"	"$0.20"	"Wed Jan 15 21:49:03 PST 2014"	"100"	"0"	"0"	"76"	"Reviewable"	"NotReviewed"	"1 scales"	"600"	"60000"	"Wed Jan 22 21:49:03 PST 2014"	"https://requester.mturk.com/mturk/manageHIT?HITId=2ROX3YOCCF0C8YQXLY9NOIX0ESHRS3"	"2C521O3W5XH02IVSE7BYKPLYS54BHP"	"A1P7HV5FPJ29H4"	"Submitted"	"Thu Jan 16 18:20:17 PST 2014"	"Thu Jan 16 01:39:29 PST 2014"	"Thu Jan 16 01:40:17 PST 2014"	""	""	""	""	""	"""friend"""	"""glasses"""	"0"	"""left"""	"-1"	"0"	"1"	"4"	"0"	"0"	"""2"""	"""1"""	"""TRUE"""	"""logical"""	"""FALSE"""	"-1"	"-1"	"-1"	"-1"	"-1"	"-1"	"""No idea"""	""""""	"""29"""	"""m"""	"0"
"2ROX3YOCCF0C8YQXLY9NOIX0ESHRS3"	"2J9TP9RA7S5W5UC9UXFFD0JMH00XSU"	"What is he talking about? (1-2 mins)"	"Short and fun! A 1-2 minute word game about what someone is talking about."	"experiment, psychology, game"	"$0.20"	"Wed Jan 15 21:49:03 PST 2014"	"100"	"0"	"0"	"76"	"Reviewable"	"NotReviewed"	"1 scales"	"600"	"60000"	"Wed Jan 22 21:49:03 PST 2014"	"https://requester.mturk.com/mturk/manageHIT?HITId=2ROX3YOCCF0C8YQXLY9NOIX0ESHRS3"	"2C2C9KSSZVXXLJA5QZBQUYGTLV13L0"	"A20Z7TK84X9JND"	"Submitted"	"Thu Jan 16 18:28:04 PST 2014"	"Thu Jan 16 01:47:06 PST 2014"	"Thu Jan 16 01:48:04 PST 2014"	""	""	""	""	""	"""sundae"""	"""whipped cream"""	"0"	"""left"""	"-1"	"0"	"1"	"4"	"0"	"0"	"""2"""	"""1"""	"""TRUE"""	"""target"""	"""TRUE"""	"-1"	"-1"	"-1"	"-1"	"-1"	"-1"	"""Ice creams that he ate and which ones he liked."""	""""""	"""28"""	"""n"""	"0"
"2ROX3YOCCF0C8YQXLY9NOIX0ESHRS3"	"2J9TP9RA7S5W5UC9UXFFD0JMH00XSU"	"What is he talking about? (1-2 mins)"	"Short and fun! A 1-2 minute word game about what someone is talking about."	"experiment, psychology, game"	"$0.20"	"Wed Jan 15 21:49:03 PST 2014"	"100"	"0"	"0"	"76"	"Reviewable"	"NotReviewed"	"1 scales"	"600"	"60000"	"Wed Jan 22 21:49:03 PST 2014"	"https://requester.mturk.com/mturk/manageHIT?HITId=2ROX3YOCCF0C8YQXLY9NOIX0ESHRS3"	"2OWEGDHDM25LRBFNV1XHKZ6UH3RNDL"	"A2NA5KOPLW0LG0"	"Submitted"	"Thu Jan 16 18:31:15 PST 2014"	"Thu Jan 16 01:50:06 PST 2014"	"Thu Jan 16 01:51:15 PST 2014"	""	""	""	""	""	"""boat"""	"""motor"""	"0"	"""left"""	"-1"	"0"	"1"	"4"	"0"	"0"	"""1"""	"""1"""	"""TRUE"""	"""target"""	"""TRUE"""	"-1"	"-1"	"-1"	"-1"	"-1"	"-1"	"""perception"""	"""interesting"""	"""44"""	"""m"""	"0"
"2ROX3YOCCF0C8YQXLY9NOIX0ESHRS3"	"2J9TP9RA7S5W5UC9UXFFD0JMH00XSU"	"What is he talking about? (1-2 mins)"	"Short and fun! A 1-2 minute word game about what someone is talking about."	"experiment, psychology, game"	"$0.20"	"Wed Jan 15 21:49:03 PST 2014"	"100"	"0"	"0"	"76"	"Reviewable"	"NotReviewed"	"1 scales"	"600"	"60000"	"Wed Jan 22 21:49:03 PST 2014"	"https://requester.mturk.com/mturk/manageHIT?HITId=2ROX3YOCCF0C8YQXLY9NOIX0ESHRS3"	"2PC0COK2JE1MQIQK5QIWCOZGFZ5MT3"	"A1HCACRM1B1FO"	"Submitted"	"Thu Jan 16 18:38:01 PST 2014"	"Thu Jan 16 01:57:07 PST 2014"	"Thu Jan 16 01:58:01 PST 2014"	""	""	""	""	""	"""friend"""	"""glasses"""	"0"	"""right"""	"-1"	"0"	"1"	"4"	"0"	"0"	"""2"""	"""1"""	"""TRUE"""	"""logical"""	"""FALSE"""	"-1"	"-1"	"-1"	"-1"	"-1"	"-1"	"""bob's friends"""	"""fun!"""	"""30"""	"""female"""	"0"
"2ROX3YOCCF0C8YQXLY9NOIX0ESHRS3"	"2J9TP9RA7S5W5UC9UXFFD0JMH00XSU"	"What is he talking about? (1-2 mins)"	"Short and fun! A 1-2 minute word game about what someone is talking about."	"experiment, psychology, game"	"$0.20"	"Wed Jan 15 21:49:03 PST 2014"	"100"	"0"	"0"	"76"	"Reviewable"	"NotReviewed"	"1 scales"	"600"	"60000"	"Wed Jan 22 21:49:03 PST 2014"	"https://requester.mturk.com/mturk/manageHIT?HITId=2ROX3YOCCF0C8YQXLY9NOIX0ESHRS3"	"2DPUYT3DHJHPN4JDGLVYERS3CW7T02"	"A3NX763BRAA2E0"	"Submitted"	"Thu Jan 16 19:00:15 PST 2014"	"Thu Jan 16 02:19:20 PST 2014"	"Thu Jan 16 02:20:15 PST 2014"	""	""	""	""	""	"""sundae"""	"""whipped cream"""	"0"	"""middle"""	"-1"	"0"	"1"	"4"	"0"	"0"	"""2"""	"""1"""	"""TRUE"""	"""target"""	"""TRUE"""	"-1"	"-1"	"-1"	"-1"	"-1"	"-1"	"""Interpretation of words?"""	""""""	"""24"""	"""f"""	"0"
"2ROX3YOCCF0C8YQXLY9NOIX0ESHRS3"	"2J9TP9RA7S5W5UC9UXFFD0JMH00XSU"	"What is he talking about? (1-2 mins)"	"Short and fun! A 1-2 minute word game about what someone is talking about."	"experiment, psychology, game"	"$0.20"	"Wed Jan 15 21:49:03 PST 2014"	"100"	"0"	"0"	"76"	"Reviewable"	"NotReviewed"	"1 scales"	"600"	"60000"	"Wed Jan 22 21:49:03 PST 2014"	"https://requester.mturk.com/mturk/manageHIT?HITId=2ROX3YOCCF0C8YQXLY9NOIX0ESHRS3"	"291O9Z6KW4ZMTSNHNWCFW0OTQUXE5K"	"A3VUDU95SVUU1H"	"Submitted"	"Thu Jan 16 19:06:46 PST 2014"	"Thu Jan 16 02:25:34 PST 2014"	"Thu Jan 16 02:26:46 PST 2014"	""	""	""	""	""	"""boat"""	"""cabin"""	"0"	"""right"""	"-1"	"0"	"1"	"4"	"0"	"0"	"""2"""	"""1"""	"""TRUE"""	"""logical"""	"""FALSE"""	"-1"	"-1"	"-1"	"-1"	"-1"	"-1"	"""Boats"""	"""Which boat was ugly?"""	"""20"""	"""m"""	"0"
"2ROX3YOCCF0C8YQXLY9NOIX0ESHRS3"	"2J9TP9RA7S5W5UC9UXFFD0JMH00XSU"	"What is he talking about? (1-2 mins)"	"Short and fun! A 1-2 minute word game about what someone is talking about."	"experiment, psychology, game"	"$0.20"	"Wed Jan 15 21:49:03 PST 2014"	"100"	"0"	"0"	"76"	"Reviewable"	"NotReviewed"	"1 scales"	"600"	"60000"	"Wed Jan 22 21:49:03 PST 2014"	"https://requester.mturk.com/mturk/manageHIT?HITId=2ROX3YOCCF0C8YQXLY9NOIX0ESHRS3"	"2598MZ9O9Z6KFX5M648HXRLLTZW1AW"	"A137PYNHWCHPA3"	"Submitted"	"Thu Jan 16 19:26:15 PST 2014"	"Thu Jan 16 02:44:59 PST 2014"	"Thu Jan 16 02:46:15 PST 2014"	""	""	""	""	""	"""Christmas tree"""	"""star"""	"0"	"""middle"""	"-1"	"0"	"1"	"4"	"0"	"0"	"""2"""	"""1"""	"""TRUE"""	"""target"""	"""TRUE"""	"-1"	"-1"	"-1"	"-1"	"-1"	"-1"	"""Christmas Trees"""	"""Nope"""	"""31"""	"""M"""	"0"
"2ROX3YOCCF0C8YQXLY9NOIX0ESHRS3"	"2J9TP9RA7S5W5UC9UXFFD0JMH00XSU"	"What is he talking about? (1-2 mins)"	"Short and fun! A 1-2 minute word game about what someone is talking about."	"experiment, psychology, game"	"$0.20"	"Wed Jan 15 21:49:03 PST 2014"	"100"	"0"	"0"	"76"	"Reviewable"	"NotReviewed"	"1 scales"	"600"	"60000"	"Wed Jan 22 21:49:03 PST 2014"	"https://requester.mturk.com/mturk/manageHIT?HITId=2ROX3YOCCF0C8YQXLY9NOIX0ESHRS3"	"224WY2AOO2GM57MOKLHSIM6OD9D444"	"A2J5N770I859WE"	"Submitted"	"Thu Jan 16 19:44:45 PST 2014"	"Thu Jan 16 03:04:01 PST 2014"	"Thu Jan 16 03:04:45 PST 2014"	""	""	""	""	""	"""Christmas tree"""	"""ornaments"""	"0"	"""middle"""	"-1"	"0"	"1"	"4"	"0"	"0"	"""2"""	"""1"""	"""TRUE"""	"""target"""	"""TRUE"""	"-1"	"-1"	"-1"	"-1"	"-1"	"-1"	"""determining which of several trees someone is talking about"""	"""no"""	"""29"""	"""f"""	"0"
"2ROX3YOCCF0C8YQXLY9NOIX0ESHRS3"	"2J9TP9RA7S5W5UC9UXFFD0JMH00XSU"	"What is he talking about? (1-2 mins)"	"Short and fun! A 1-2 minute word game about what someone is talking about."	"experiment, psychology, game"	"$0.20"	"Wed Jan 15 21:49:03 PST 2014"	"100"	"0"	"0"	"76"	"Reviewable"	"NotReviewed"	"1 scales"	"600"	"60000"	"Wed Jan 22 21:49:03 PST 2014"	"https://requester.mturk.com/mturk/manageHIT?HITId=2ROX3YOCCF0C8YQXLY9NOIX0ESHRS3"	"2UG2L92HECWAPQ9YKH3F6CPBNW3IHM"	"AVM21SRBC59LS"	"Submitted"	"Thu Jan 16 20:05:17 PST 2014"	"Thu Jan 16 03:24:23 PST 2014"	"Thu Jan 16 03:25:17 PST 2014"	""	""	""	""	""	"""boat"""	"""sail"""	"0"	"""right"""	"-1"	"0"	"1"	"4"	"0"	"0"	"""2"""	"""1"""	"""TRUE"""	"""target"""	"""TRUE"""	"-1"	"-1"	"-1"	"-1"	"-1"	"-1"	"""bob and boats"""	""""""	"""39"""	"""f"""	"0"
"2ROX3YOCCF0C8YQXLY9NOIX0ESHRS3"	"2J9TP9RA7S5W5UC9UXFFD0JMH00XSU"	"What is he talking about? (1-2 mins)"	"Short and fun! A 1-2 minute word game about what someone is talking about."	"experiment, psychology, game"	"$0.20"	"Wed Jan 15 21:49:03 PST 2014"	"100"	"0"	"0"	"76"	"Reviewable"	"NotReviewed"	"1 scales"	"600"	"60000"	"Wed Jan 22 21:49:03 PST 2014"	"https://requester.mturk.com/mturk/manageHIT?HITId=2ROX3YOCCF0C8YQXLY9NOIX0ESHRS3"	"2YG2GMMEGOOG9LIM2N1A8SEOXTAAA1"	"A1D4Q041I43EUX"	"Submitted"	"Thu Jan 16 20:13:44 PST 2014"	"Thu Jan 16 03:32:57 PST 2014"	"Thu Jan 16 03:33:44 PST 2014"	""	""	""	""	""	"""snowman"""	"""hat"""	"0"	"""right"""	"-1"	"0"	"1"	"4"	"0"	"0"	"""2"""	"""1"""	"""TRUE"""	"""target"""	"""TRUE"""	"-1"	"-1"	"-1"	"-1"	"-1"	"-1"	"""Perception?"""	""""""	"""44"""	"""M"""	"0"
"2ROX3YOCCF0C8YQXLY9NOIX0ESHRS3"	"2J9TP9RA7S5W5UC9UXFFD0JMH00XSU"	"What is he talking about? (1-2 mins)"	"Short and fun! A 1-2 minute word game about what someone is talking about."	"experiment, psychology, game"	"$0.20"	"Wed Jan 15 21:49:03 PST 2014"	"100"	"0"	"0"	"76"	"Reviewable"	"NotReviewed"	"1 scales"	"600"	"60000"	"Wed Jan 22 21:49:03 PST 2014"	"https://requester.mturk.com/mturk/manageHIT?HITId=2ROX3YOCCF0C8YQXLY9NOIX0ESHRS3"	"2X9MVHVKCJ01KD870OY9QQWC476572"	"A2APPZDU0VS9LN"	"Submitted"	"Thu Jan 16 20:32:11 PST 2014"	"Thu Jan 16 03:51:40 PST 2014"	"Thu Jan 16 03:52:11 PST 2014"	""	""	""	""	""	"""boat"""	"""cabin"""	"0"	"""middle"""	"-1"	"0"	"1"	"4"	"0"	"0"	"""2"""	"""1"""	"""TRUE"""	"""target"""	"""TRUE"""	"-1"	"-1"	"-1"	"-1"	"-1"	"-1"	"""boats and thought on opinions"""	""""""	"""33"""	"""f"""	"0"
"2ROX3YOCCF0C8YQXLY9NOIX0ESHRS3"	"2J9TP9RA7S5W5UC9UXFFD0JMH00XSU"	"What is he talking about? (1-2 mins)"	"Short and fun! A 1-2 minute word game about what someone is talking about."	"experiment, psychology, game"	"$0.20"	"Wed Jan 15 21:49:03 PST 2014"	"100"	"0"	"0"	"76"	"Reviewable"	"NotReviewed"	"1 scales"	"600"	"60000"	"Wed Jan 22 21:49:03 PST 2014"	"https://requester.mturk.com/mturk/manageHIT?HITId=2ROX3YOCCF0C8YQXLY9NOIX0ESHRS3"	"25OJ5OPB0YVGI14MSGYEV9U941RY6D"	"A2KSOLII2KUJP2"	"Submitted"	"Thu Jan 16 20:39:30 PST 2014"	"Thu Jan 16 03:58:25 PST 2014"	"Thu Jan 16 03:59:30 PST 2014"	""	""	""	""	""	"""boat"""	"""motor"""	"0"	"""right"""	"-1"	"0"	"1"	"4"	"0"	"0"	"""2"""	"""1"""	"""TRUE"""	"""target"""	"""TRUE"""	"-1"	"-1"	"-1"	"-1"	"-1"	"-1"	"""boats"""	""""""	"""25"""	"""m"""	"0"
"2ROX3YOCCF0C8YQXLY9NOIX0ESHRS3"	"2J9TP9RA7S5W5UC9UXFFD0JMH00XSU"	"What is he talking about? (1-2 mins)"	"Short and fun! A 1-2 minute word game about what someone is talking about."	"experiment, psychology, game"	"$0.20"	"Wed Jan 15 21:49:03 PST 2014"	"100"	"0"	"0"	"76"	"Reviewable"	"NotReviewed"	"1 scales"	"600"	"60000"	"Wed Jan 22 21:49:03 PST 2014"	"https://requester.mturk.com/mturk/manageHIT?HITId=2ROX3YOCCF0C8YQXLY9NOIX0ESHRS3"	"27J24SMEZZ2M1DSN5ZZPFY3EWVI3KJ"	"A1AQK667NBERJ1"	"Submitted"	"Thu Jan 16 20:46:46 PST 2014"	"Thu Jan 16 04:05:29 PST 2014"	"Thu Jan 16 04:06:46 PST 2014"	""	""	""	""	""	"""boat"""	"""motor"""	"0"	"""middle"""	"-1"	"0"	"1"	"4"	"0"	"0"	"""2"""	"""1"""	"""TRUE"""	"""target"""	"""TRUE"""	"-1"	"-1"	"-1"	"-1"	"-1"	"-1"	"""Boat"""	"""Cute Drawings."""	"""31"""	"""M"""	"0"
"2ROX3YOCCF0C8YQXLY9NOIX0ESHRS3"	"2J9TP9RA7S5W5UC9UXFFD0JMH00XSU"	"What is he talking about? (1-2 mins)"	"Short and fun! A 1-2 minute word game about what someone is talking about."	"experiment, psychology, game"	"$0.20"	"Wed Jan 15 21:49:03 PST 2014"	"100"	"0"	"0"	"76"	"Reviewable"	"NotReviewed"	"1 scales"	"600"	"60000"	"Wed Jan 22 21:49:03 PST 2014"	"https://requester.mturk.com/mturk/manageHIT?HITId=2ROX3YOCCF0C8YQXLY9NOIX0ESHRS3"	"2BDY58B727M019LKDIS64FS1I3HAV8"	"AYYXF4RF5UPBK"	"Submitted"	"Thu Jan 16 20:54:51 PST 2014"	"Thu Jan 16 04:12:56 PST 2014"	"Thu Jan 16 04:14:51 PST 2014"	""	""	""	""	""	"""friend"""	"""hat"""	"0"	"""right"""	"-1"	"0"	"1"	"4"	"0"	"0"	"""2"""	"""1"""	"""TRUE"""	"""target"""	"""TRUE"""	"-1"	"-1"	"-1"	"-1"	"-1"	"-1"	"""Bob's ugly friend and understanding how people use language to communicate."""	"""I always enjoy these childish feeling HITs."""	"""24"""	"""m"""	"0"
"2ROX3YOCCF0C8YQXLY9NOIX0ESHRS3"	"2J9TP9RA7S5W5UC9UXFFD0JMH00XSU"	"What is he talking about? (1-2 mins)"	"Short and fun! A 1-2 minute word game about what someone is talking about."	"experiment, psychology, game"	"$0.20"	"Wed Jan 15 21:49:03 PST 2014"	"100"	"0"	"0"	"76"	"Reviewable"	"NotReviewed"	"1 scales"	"600"	"60000"	"Wed Jan 22 21:49:03 PST 2014"	"https://requester.mturk.com/mturk/manageHIT?HITId=2ROX3YOCCF0C8YQXLY9NOIX0ESHRS3"	"2YMQIHPCGJ2DLUU3SAOH6JPVVHP28P"	"A1CYVS55SIOW3L"	"Submitted"	"Thu Jan 16 20:56:28 PST 2014"	"Thu Jan 16 04:15:07 PST 2014"	"Thu Jan 16 04:16:28 PST 2014"	""	""	""	""	""	"""friend"""	"""hat"""	"0"	"""middle"""	"-1"	"0"	"1"	"4"	"0"	"0"	"""2"""	"""1"""	"""TRUE"""	"""target"""	"""TRUE"""	"-1"	"-1"	"-1"	"-1"	"-1"	"-1"	"""What friend Bob was talking about"""	""""""	"""19"""	"""m"""	"0"
"2ROX3YOCCF0C8YQXLY9NOIX0ESHRS3"	"2J9TP9RA7S5W5UC9UXFFD0JMH00XSU"	"What is he talking about? (1-2 mins)"	"Short and fun! A 1-2 minute word game about what someone is talking about."	"experiment, psychology, game"	"$0.20"	"Wed Jan 15 21:49:03 PST 2014"	"100"	"0"	"0"	"76"	"Reviewable"	"NotReviewed"	"1 scales"	"600"	"60000"	"Wed Jan 22 21:49:03 PST 2014"	"https://requester.mturk.com/mturk/manageHIT?HITId=2ROX3YOCCF0C8YQXLY9NOIX0ESHRS3"	"24FU8LZ6R70GOKF89DA31E72VRH6MZ"	"A2TZD9PZZXFDX3"	"Submitted"	"Thu Jan 16 20:59:23 PST 2014"	"Thu Jan 16 04:18:49 PST 2014"	"Thu Jan 16 04:19:23 PST 2014"	""	""	""	""	""	"""snowman"""	"""hat"""	"0"	"""middle"""	"-1"	"0"	"1"	"4"	"0"	"0"	"""2"""	"""1"""	"""TRUE"""	"""target"""	"""TRUE"""	"-1"	"-1"	"-1"	"-1"	"-1"	"-1"	"""I don't know"""	"""No"""	"""24"""	"""m"""	"0"
"2ROX3YOCCF0C8YQXLY9NOIX0ESHRS3"	"2J9TP9RA7S5W5UC9UXFFD0JMH00XSU"	"What is he talking about? (1-2 mins)"	"Short and fun! A 1-2 minute word game about what someone is talking about."	"experiment, psychology, game"	"$0.20"	"Wed Jan 15 21:49:03 PST 2014"	"100"	"0"	"0"	"76"	"Reviewable"	"NotReviewed"	"1 scales"	"600"	"60000"	"Wed Jan 22 21:49:03 PST 2014"	"https://requester.mturk.com/mturk/manageHIT?HITId=2ROX3YOCCF0C8YQXLY9NOIX0ESHRS3"	"2S9PCGJ2D21OMPBXD5APVSI8NX1B5Y"	"A164RBTU9AO3G7"	"Submitted"	"Thu Jan 16 21:01:13 PST 2014"	"Thu Jan 16 04:18:44 PST 2014"	"Thu Jan 16 04:21:13 PST 2014"	""	""	""	""	""	"""boat"""	"""cabin"""	"0"	"""right"""	"-1"	"0"	"1"	"4"	"0"	"0"	"""2"""	"""1"""	"""TRUE"""	"""target"""	"""TRUE"""	"-1"	"-1"	"-1"	"-1"	"-1"	"-1"	"""which boat with a cabin that bob thought was ugly"""	"""none"""	"""26"""	"""m"""	"0"
"2ROX3YOCCF0C8YQXLY9NOIX0ESHRS3"	"2J9TP9RA7S5W5UC9UXFFD0JMH00XSU"	"What is he talking about? (1-2 mins)"	"Short and fun! A 1-2 minute word game about what someone is talking about."	"experiment, psychology, game"	"$0.20"	"Wed Jan 15 21:49:03 PST 2014"	"100"	"0"	"0"	"76"	"Reviewable"	"NotReviewed"	"1 scales"	"600"	"60000"	"Wed Jan 22 21:49:03 PST 2014"	"https://requester.mturk.com/mturk/manageHIT?HITId=2ROX3YOCCF0C8YQXLY9NOIX0ESHRS3"	"2UA62NJQ2172I2FQDB2KRCVKETPOWX"	"A25BJ9BG4ZQ38J"	"Submitted"	"Thu Jan 16 21:09:18 PST 2014"	"Thu Jan 16 04:27:10 PST 2014"	"Thu Jan 16 04:29:18 PST 2014"	""	""	""	""	""	"""snowman"""	"""scarf"""	"0"	"""middle"""	"-1"	"0"	"1"	"4"	"0"	"0"	"""2"""	"""1"""	"""TRUE"""	"""logical"""	"""FALSE"""	"-1"	"-1"	"-1"	"-1"	"-1"	"-1"	"""about which snowman I am suppose to pick that bob thinks is ugly."""	""""""	""""""	"""m"""	"0"
"2ROX3YOCCF0C8YQXLY9NOIX0ESHRS3"	"2J9TP9RA7S5W5UC9UXFFD0JMH00XSU"	"What is he talking about? (1-2 mins)"	"Short and fun! A 1-2 minute word game about what someone is talking about."	"experiment, psychology, game"	"$0.20"	"Wed Jan 15 21:49:03 PST 2014"	"100"	"0"	"0"	"76"	"Reviewable"	"NotReviewed"	"1 scales"	"600"	"60000"	"Wed Jan 22 21:49:03 PST 2014"	"https://requester.mturk.com/mturk/manageHIT?HITId=2ROX3YOCCF0C8YQXLY9NOIX0ESHRS3"	"2C8TP9RA7S5W5UC9UXFFD0JSKKZSXS"	"A1XGJP35KM4H68"	"Submitted"	"Thu Jan 16 21:10:56 PST 2014"	"Thu Jan 16 04:30:10 PST 2014"	"Thu Jan 16 04:30:56 PST 2014"	""	""	""	""	""	"""Christmas tree"""	"""star"""	"0"	"""left"""	"-1"	"0"	"1"	"4"	"0"	"0"	"""2"""	"""1"""	"""TRUE"""	"""target"""	"""TRUE"""	"-1"	"-1"	"-1"	"-1"	"-1"	"-1"	"""Christmas Trees"""	"""No"""	"""31"""	"""M"""	"0"
"2ROX3YOCCF0C8YQXLY9NOIX0ESHRS3"	"2J9TP9RA7S5W5UC9UXFFD0JMH00XSU"	"What is he talking about? (1-2 mins)"	"Short and fun! A 1-2 minute word game about what someone is talking about."	"experiment, psychology, game"	"$0.20"	"Wed Jan 15 21:49:03 PST 2014"	"100"	"0"	"0"	"76"	"Reviewable"	"NotReviewed"	"1 scales"	"600"	"60000"	"Wed Jan 22 21:49:03 PST 2014"	"https://requester.mturk.com/mturk/manageHIT?HITId=2ROX3YOCCF0C8YQXLY9NOIX0ESHRS3"	"2T0EBDPGFL6VVI2Z5WED2IO14RXI3R"	"A3DPBDWP9KEBRE"	"Submitted"	"Thu Jan 16 21:16:20 PST 2014"	"Thu Jan 16 04:35:08 PST 2014"	"Thu Jan 16 04:36:20 PST 2014"	""	""	""	""	""	"""snowman"""	"""mittens"""	"0"	"""left"""	"-1"	"0"	"1"	"4"	"0"	"0"	"""2"""	"""1"""	"""TRUE"""	"""target"""	"""TRUE"""	"-1"	"-1"	"-1"	"-1"	"-1"	"-1"	"""snowmen"""	"""none"""	"""59"""	"""f"""	"0"
"2ROX3YOCCF0C8YQXLY9NOIX0ESHRS3"	"2J9TP9RA7S5W5UC9UXFFD0JMH00XSU"	"What is he talking about? (1-2 mins)"	"Short and fun! A 1-2 minute word game about what someone is talking about."	"experiment, psychology, game"	"$0.20"	"Wed Jan 15 21:49:03 PST 2014"	"100"	"0"	"0"	"76"	"Reviewable"	"NotReviewed"	"1 scales"	"600"	"60000"	"Wed Jan 22 21:49:03 PST 2014"	"https://requester.mturk.com/mturk/manageHIT?HITId=2ROX3YOCCF0C8YQXLY9NOIX0ESHRS3"	"2GJLPHIT3HVWTOQI27EJW21D5YZJBV"	"A3L32SCJ77GKRS"	"Submitted"	"Thu Jan 16 21:21:28 PST 2014"	"Thu Jan 16 04:39:58 PST 2014"	"Thu Jan 16 04:41:28 PST 2014"	""	""	""	""	""	"""friend"""	"""hat"""	"0"	"""left"""	"-1"	"0"	"1"	"4"	"0"	"0"	"""2"""	"""1"""	"""TRUE"""	"""logical"""	"""FALSE"""	"-1"	"-1"	"-1"	"-1"	"-1"	"-1"	"""Bobs ugly friend, racism?"""	"""Not today."""	"""26"""	"""m"""	"0"
