"hitid"	"hittypeid"	"title"	"description"	"keywords"	"reward"	"creationtime"	"assignments"	"numavailable"	"numpending"	"numcomplete"	"hitstatus"	"reviewstatus"	"annotation"	"assignmentduration"	"autoapprovaldelay"	"hitlifetime"	"viewhit"	"assignmentid"	"workerid"	"assignmentstatus"	"autoapprovaltime"	"assignmentaccepttime"	"assignmentsubmittime"	"assignmentapprovaltime"	"assignmentrejecttime"	"deadline"	"feedback"	"reject"	"Answer.item"	"Answer.target_property"	"Answer.logical_property"	"Answer.foil_property"	"Answer.target_position"	"Answer.logical_position"	"Answer.target_frequency"	"Answer.familiarization_cond"	"Answer.participant_response_type_condition"	"Answer.participant_feature_count_condition"	"Answer.linguistic_framing_condition"	"Answer.target_filler_sequence_condition"	"Answer.question_type_condition"	"Answer.manip_check_target"	"Answer.manip_check_dist"	"Answer.name_check_correct"	"Answer.choice"	"Answer.choice_correct"	"Answer.money_allocated_to_foil"	"Answer.money_allocated_to_target"	"Answer.money_allocated_to_logical"	"Answer.Likert_value_foil"	"Answer.Likert_value_target"	"Answer.Likert_value_logical"	"Answer.about"	"Answer.comment"	"Answer.age"	"Answer.gender"	"Answer.scale_and_levels_condition"	"Answer.familiarization_present_in_study"
"267SI2KYEPLS80BKHRXWP3ODLW1NT3"	"2J9TP9RA7S5W5UC9UXFFD0JMH00XSU"	"What is he talking about? (1-2 mins)"	"Short and fun! A 1-2 minute word game about what someone is talking about."	"experiment, psychology, game"	"$0.20"	"Wed Feb 19 13:37:56 PST 2014"	"50"	"0"	"0"	"50"	"Reviewable"	"NotReviewed"	"1 scales"	"600"	"60000"	"Wed Feb 26 13:37:56 PST 2014"	"https://requester.mturk.com/mturk/manageHIT?HITId=267SI2KYEPLS80BKHRXWP3ODLW1NT3"	"2APULRGNTBJ35FJX1KG7T62QT3TT7D"	"A14MW9YSAN6598"	"Approved"	"Thu Feb 20 06:19:47 PST 2014"	"Wed Feb 19 13:38:51 PST 2014"	"Wed Feb 19 13:39:47 PST 2014"	"Wed Feb 19 13:46:56 PST 2014"	""	""	""	""	"""boat"""	"""sail"""	"""cabin"""	"""motor"""	"""left"""	"""right"""	"0"	"-1"	"0"	"1"	"1"	"0"	"0"	"""3"""	"""1"""	"""TRUE"""	"""twin"""	"""FALSE"""	"-1"	"-1"	"-1"	"-1"	"-1"	"-1"	"""what boat he talked about"""	"""no"""	"""22"""	"""m"""	"7"	"0"
"267SI2KYEPLS80BKHRXWP3ODLW1NT3"	"2J9TP9RA7S5W5UC9UXFFD0JMH00XSU"	"What is he talking about? (1-2 mins)"	"Short and fun! A 1-2 minute word game about what someone is talking about."	"experiment, psychology, game"	"$0.20"	"Wed Feb 19 13:37:56 PST 2014"	"50"	"0"	"0"	"50"	"Reviewable"	"NotReviewed"	"1 scales"	"600"	"60000"	"Wed Feb 26 13:37:56 PST 2014"	"https://requester.mturk.com/mturk/manageHIT?HITId=267SI2KYEPLS80BKHRXWP3ODLW1NT3"	"2MHWZ9RNDWIOEUY7OSUDZGU7FQXTEZ"	"A251IZWNCICC1Y"	"Approved"	"Thu Feb 20 06:20:11 PST 2014"	"Wed Feb 19 13:38:54 PST 2014"	"Wed Feb 19 13:40:11 PST 2014"	"Wed Feb 19 13:46:56 PST 2014"	""	""	""	""	"""pizza"""	"""mushrooms"""	"""peppers"""	"""olives"""	"""middle"""	"""left"""	"0"	"-1"	"0"	"1"	"1"	"0"	"0"	"""2"""	"""1"""	"""TRUE"""	"""twin"""	"""FALSE"""	"-1"	"-1"	"-1"	"-1"	"-1"	"-1"	"""determining what was being talked about"""	"""i also like pizza"""	"""31"""	"""m"""	"7"	"0"
"267SI2KYEPLS80BKHRXWP3ODLW1NT3"	"2J9TP9RA7S5W5UC9UXFFD0JMH00XSU"	"What is he talking about? (1-2 mins)"	"Short and fun! A 1-2 minute word game about what someone is talking about."	"experiment, psychology, game"	"$0.20"	"Wed Feb 19 13:37:56 PST 2014"	"50"	"0"	"0"	"50"	"Reviewable"	"NotReviewed"	"1 scales"	"600"	"60000"	"Wed Feb 26 13:37:56 PST 2014"	"https://requester.mturk.com/mturk/manageHIT?HITId=267SI2KYEPLS80BKHRXWP3ODLW1NT3"	"2WBTUHYW2GTPSKG7OANM76944GZQL5"	"A27PVIL93ZMY46"	"Approved"	"Thu Feb 20 06:20:50 PST 2014"	"Wed Feb 19 13:39:42 PST 2014"	"Wed Feb 19 13:40:50 PST 2014"	"Wed Feb 19 13:46:56 PST 2014"	""	""	""	""	"""pizza"""	"""olives"""	"""peppers"""	"""mushrooms"""	"""middle"""	"""right"""	"0"	"-1"	"0"	"1"	"1"	"0"	"0"	"""3"""	"""1"""	"""TRUE"""	"""single"""	"""FALSE"""	"-1"	"-1"	"-1"	"-1"	"-1"	"-1"	"""Which pizza bob wants"""	"""NA"""	"""34"""	"""f"""	"7"	"0"
"267SI2KYEPLS80BKHRXWP3ODLW1NT3"	"2J9TP9RA7S5W5UC9UXFFD0JMH00XSU"	"What is he talking about? (1-2 mins)"	"Short and fun! A 1-2 minute word game about what someone is talking about."	"experiment, psychology, game"	"$0.20"	"Wed Feb 19 13:37:56 PST 2014"	"50"	"0"	"0"	"50"	"Reviewable"	"NotReviewed"	"1 scales"	"600"	"60000"	"Wed Feb 26 13:37:56 PST 2014"	"https://requester.mturk.com/mturk/manageHIT?HITId=267SI2KYEPLS80BKHRXWP3ODLW1NT3"	"22KZVXX2Q45UDDWOULEI21NYKG38Q4"	"AQWQQ9VRSLSXH"	"Approved"	"Thu Feb 20 06:26:42 PST 2014"	"Wed Feb 19 13:45:33 PST 2014"	"Wed Feb 19 13:46:42 PST 2014"	"Wed Feb 19 14:10:21 PST 2014"	""	""	""	""	"""friend"""	"""hat"""	"""glasses"""	"""mustache"""	"""right"""	"""middle"""	"0"	"-1"	"0"	"1"	"1"	"0"	"0"	"""3"""	"""1"""	"""TRUE"""	"""twin"""	"""FALSE"""	"-1"	"-1"	"-1"	"-1"	"-1"	"-1"	"""Bob's friends?"""	"""I am confused."""	"""22"""	"""m"""	"7"	"0"
"267SI2KYEPLS80BKHRXWP3ODLW1NT3"	"2J9TP9RA7S5W5UC9UXFFD0JMH00XSU"	"What is he talking about? (1-2 mins)"	"Short and fun! A 1-2 minute word game about what someone is talking about."	"experiment, psychology, game"	"$0.20"	"Wed Feb 19 13:37:56 PST 2014"	"50"	"0"	"0"	"50"	"Reviewable"	"NotReviewed"	"1 scales"	"600"	"60000"	"Wed Feb 26 13:37:56 PST 2014"	"https://requester.mturk.com/mturk/manageHIT?HITId=267SI2KYEPLS80BKHRXWP3ODLW1NT3"	"26CUDD8XMB3QM2507BLTU6TAQNFPET"	"AD1UK5JN3KVY1"	"Approved"	"Thu Feb 20 06:27:14 PST 2014"	"Wed Feb 19 13:46:08 PST 2014"	"Wed Feb 19 13:47:14 PST 2014"	"Wed Feb 19 14:10:14 PST 2014"	""	""	""	""	"""boat"""	"""motor"""	"""sail"""	"""cabin"""	"""left"""	"""right"""	"0"	"-1"	"0"	"1"	"1"	"0"	"0"	"""3"""	"""1"""	"""TRUE"""	"""twin"""	"""FALSE"""	"-1"	"-1"	"-1"	"-1"	"-1"	"-1"	"""Picking out the option Bob was talking about"""	"""I couldn't decide... """	"""22"""	"""m"""	"7"	"0"
"267SI2KYEPLS80BKHRXWP3ODLW1NT3"	"2J9TP9RA7S5W5UC9UXFFD0JMH00XSU"	"What is he talking about? (1-2 mins)"	"Short and fun! A 1-2 minute word game about what someone is talking about."	"experiment, psychology, game"	"$0.20"	"Wed Feb 19 13:37:56 PST 2014"	"50"	"0"	"0"	"50"	"Reviewable"	"NotReviewed"	"1 scales"	"600"	"60000"	"Wed Feb 26 13:37:56 PST 2014"	"https://requester.mturk.com/mturk/manageHIT?HITId=267SI2KYEPLS80BKHRXWP3ODLW1NT3"	"28FJ92NJKM05UFPTQMPW8GTVLJYE9O"	"A2H5FQFR4C014A"	"Approved"	"Thu Feb 20 06:30:23 PST 2014"	"Wed Feb 19 13:49:51 PST 2014"	"Wed Feb 19 13:50:23 PST 2014"	"Wed Feb 19 14:10:21 PST 2014"	""	""	""	""	"""Christmas tree"""	"""star"""	"""ornaments"""	"""lights"""	"""right"""	"""middle"""	"0"	"-1"	"0"	"1"	"1"	"0"	"0"	"""2"""	"""3"""	"""TRUE"""	"""twin"""	"""FALSE"""	"-1"	"-1"	"-1"	"-1"	"-1"	"-1"	"""How people interpret a statement"""	""""""	"""24"""	"""m"""	"6"	"0"
"267SI2KYEPLS80BKHRXWP3ODLW1NT3"	"2J9TP9RA7S5W5UC9UXFFD0JMH00XSU"	"What is he talking about? (1-2 mins)"	"Short and fun! A 1-2 minute word game about what someone is talking about."	"experiment, psychology, game"	"$0.20"	"Wed Feb 19 13:37:56 PST 2014"	"50"	"0"	"0"	"50"	"Reviewable"	"NotReviewed"	"1 scales"	"600"	"60000"	"Wed Feb 26 13:37:56 PST 2014"	"https://requester.mturk.com/mturk/manageHIT?HITId=267SI2KYEPLS80BKHRXWP3ODLW1NT3"	"2HWJ79KQW6186XCUTK3DA5XIQLALJC"	"A14SE9O51BB0RI"	"Approved"	"Thu Feb 20 06:30:58 PST 2014"	"Wed Feb 19 13:49:33 PST 2014"	"Wed Feb 19 13:50:58 PST 2014"	"Wed Feb 19 14:10:21 PST 2014"	""	""	""	""	"""sundae"""	"""chocolate"""	"""whipped cream"""	"""cherry"""	"""right"""	"""left"""	"0"	"-1"	"0"	"1"	"1"	"0"	"0"	"""3"""	"""1"""	"""TRUE"""	"""twin"""	"""FALSE"""	"-1"	"-1"	"-1"	"-1"	"-1"	"-1"	"""sundaes"""	""""""	"""29"""	"""M"""	"7"	"0"
"267SI2KYEPLS80BKHRXWP3ODLW1NT3"	"2J9TP9RA7S5W5UC9UXFFD0JMH00XSU"	"What is he talking about? (1-2 mins)"	"Short and fun! A 1-2 minute word game about what someone is talking about."	"experiment, psychology, game"	"$0.20"	"Wed Feb 19 13:37:56 PST 2014"	"50"	"0"	"0"	"50"	"Reviewable"	"NotReviewed"	"1 scales"	"600"	"60000"	"Wed Feb 26 13:37:56 PST 2014"	"https://requester.mturk.com/mturk/manageHIT?HITId=267SI2KYEPLS80BKHRXWP3ODLW1NT3"	"2X4WYB49F9SSBA31XOFNYT5NH7WUQ7"	"AGU3P5LLHVI5X"	"Approved"	"Thu Feb 20 06:31:55 PST 2014"	"Wed Feb 19 13:51:11 PST 2014"	"Wed Feb 19 13:51:55 PST 2014"	"Wed Feb 19 14:10:21 PST 2014"	""	""	""	""	"""pizza"""	"""peppers"""	"""mushrooms"""	"""olives"""	"""left"""	"""middle"""	"0"	"-1"	"0"	"1"	"1"	"0"	"0"	"""3"""	"""1"""	"""TRUE"""	"""single"""	"""FALSE"""	"-1"	"-1"	"-1"	"-1"	"-1"	"-1"	"""Bob liking pizza"""	""""""	"""24"""	"""m"""	"7"	"0"
"267SI2KYEPLS80BKHRXWP3ODLW1NT3"	"2J9TP9RA7S5W5UC9UXFFD0JMH00XSU"	"What is he talking about? (1-2 mins)"	"Short and fun! A 1-2 minute word game about what someone is talking about."	"experiment, psychology, game"	"$0.20"	"Wed Feb 19 13:37:56 PST 2014"	"50"	"0"	"0"	"50"	"Reviewable"	"NotReviewed"	"1 scales"	"600"	"60000"	"Wed Feb 26 13:37:56 PST 2014"	"https://requester.mturk.com/mturk/manageHIT?HITId=267SI2KYEPLS80BKHRXWP3ODLW1NT3"	"27VYOCCF0CP53QVTES9I3YGA1EVUTL"	"A12YW9ETZPJ6G5"	"Approved"	"Thu Feb 20 06:32:08 PST 2014"	"Wed Feb 19 13:51:05 PST 2014"	"Wed Feb 19 13:52:08 PST 2014"	"Wed Feb 19 14:10:22 PST 2014"	""	""	""	""	"""sundae"""	"""cherry"""	"""chocolate"""	"""whipped cream"""	"""middle"""	"""left"""	"0"	"-1"	"0"	"1"	"1"	"0"	"0"	"""2"""	"""1"""	"""TRUE"""	"""twin"""	"""FALSE"""	"-1"	"-1"	"-1"	"-1"	"-1"	"-1"	"""Ice cream"""	"""nice and short :) !"""	"""19"""	"""f"""	"6"	"0"
"267SI2KYEPLS80BKHRXWP3ODLW1NT3"	"2J9TP9RA7S5W5UC9UXFFD0JMH00XSU"	"What is he talking about? (1-2 mins)"	"Short and fun! A 1-2 minute word game about what someone is talking about."	"experiment, psychology, game"	"$0.20"	"Wed Feb 19 13:37:56 PST 2014"	"50"	"0"	"0"	"50"	"Reviewable"	"NotReviewed"	"1 scales"	"600"	"60000"	"Wed Feb 26 13:37:56 PST 2014"	"https://requester.mturk.com/mturk/manageHIT?HITId=267SI2KYEPLS80BKHRXWP3ODLW1NT3"	"2LDYHVI44OS23E089S5ZYBAVH3P4YX"	"A2SYRFPPV9WDEG"	"Approved"	"Thu Feb 20 06:32:18 PST 2014"	"Wed Feb 19 13:51:43 PST 2014"	"Wed Feb 19 13:52:18 PST 2014"	"Wed Feb 19 14:10:22 PST 2014"	""	""	""	""	"""Christmas tree"""	"""ornaments"""	"""star"""	"""lights"""	"""left"""	"""right"""	"0"	"-1"	"0"	"1"	"1"	"0"	"0"	"""3"""	"""1"""	"""TRUE"""	"""twin"""	"""FALSE"""	"-1"	"-1"	"-1"	"-1"	"-1"	"-1"	"""Christmas trees"""	"""no"""	"""32"""	"""m"""	"7"	"0"
"267SI2KYEPLS80BKHRXWP3ODLW1NT3"	"2J9TP9RA7S5W5UC9UXFFD0JMH00XSU"	"What is he talking about? (1-2 mins)"	"Short and fun! A 1-2 minute word game about what someone is talking about."	"experiment, psychology, game"	"$0.20"	"Wed Feb 19 13:37:56 PST 2014"	"50"	"0"	"0"	"50"	"Reviewable"	"NotReviewed"	"1 scales"	"600"	"60000"	"Wed Feb 26 13:37:56 PST 2014"	"https://requester.mturk.com/mturk/manageHIT?HITId=267SI2KYEPLS80BKHRXWP3ODLW1NT3"	"28X8B727M0IGYDNDXBPFYVFA7ACXCX"	"AVQGY7FCU80XP"	"Approved"	"Thu Feb 20 06:33:06 PST 2014"	"Wed Feb 19 13:51:54 PST 2014"	"Wed Feb 19 13:53:06 PST 2014"	"Wed Feb 19 14:10:22 PST 2014"	""	""	""	""	"""snowman"""	"""mittens"""	"""hat"""	"""scarf"""	"""middle"""	"""right"""	"0"	"-1"	"0"	"1"	"1"	"0"	"0"	"""2"""	"""1"""	"""TRUE"""	"""twin"""	"""FALSE"""	"-1"	"-1"	"-1"	"-1"	"-1"	"-1"	"""describing a picture"""	"""no"""	"""37"""	"""m"""	"6"	"0"
"267SI2KYEPLS80BKHRXWP3ODLW1NT3"	"2J9TP9RA7S5W5UC9UXFFD0JMH00XSU"	"What is he talking about? (1-2 mins)"	"Short and fun! A 1-2 minute word game about what someone is talking about."	"experiment, psychology, game"	"$0.20"	"Wed Feb 19 13:37:56 PST 2014"	"50"	"0"	"0"	"50"	"Reviewable"	"NotReviewed"	"1 scales"	"600"	"60000"	"Wed Feb 26 13:37:56 PST 2014"	"https://requester.mturk.com/mturk/manageHIT?HITId=267SI2KYEPLS80BKHRXWP3ODLW1NT3"	"22FQQ7Q670519DINN6TTWC13Y86WC3"	"A2Q79FNOI9MYNL"	"Approved"	"Thu Feb 20 06:36:26 PST 2014"	"Wed Feb 19 13:55:43 PST 2014"	"Wed Feb 19 13:56:26 PST 2014"	"Wed Feb 19 14:10:22 PST 2014"	""	""	""	""	"""boat"""	"""sail"""	"""motor"""	"""cabin"""	"""right"""	"""middle"""	"0"	"-1"	"0"	"1"	"1"	"0"	"0"	"""2"""	"""1"""	"""TRUE"""	"""twin"""	"""FALSE"""	"-1"	"-1"	"-1"	"-1"	"-1"	"-1"	"""Bob loves renting boats"""	""""""	"""24"""	"""m"""	"6"	"0"
"267SI2KYEPLS80BKHRXWP3ODLW1NT3"	"2J9TP9RA7S5W5UC9UXFFD0JMH00XSU"	"What is he talking about? (1-2 mins)"	"Short and fun! A 1-2 minute word game about what someone is talking about."	"experiment, psychology, game"	"$0.20"	"Wed Feb 19 13:37:56 PST 2014"	"50"	"0"	"0"	"50"	"Reviewable"	"NotReviewed"	"1 scales"	"600"	"60000"	"Wed Feb 26 13:37:56 PST 2014"	"https://requester.mturk.com/mturk/manageHIT?HITId=267SI2KYEPLS80BKHRXWP3ODLW1NT3"	"2W9GYQ4J3NABP4LMBKFY4IT75B3CPO"	"A1QNUCMP7NPKJK"	"Approved"	"Thu Feb 20 06:37:02 PST 2014"	"Wed Feb 19 13:53:28 PST 2014"	"Wed Feb 19 13:57:02 PST 2014"	"Wed Feb 19 14:10:22 PST 2014"	""	""	""	""	"""pizza"""	"""peppers"""	"""mushrooms"""	"""olives"""	"""right"""	"""middle"""	"0"	"-1"	"0"	"1"	"1"	"0"	"0"	"""3"""	"""1"""	"""TRUE"""	"""twin"""	"""FALSE"""	"-1"	"-1"	"-1"	"-1"	"-1"	"-1"	"""A guy who enjoys pizza, and to which pizza I thought he was referring to. """	"""n/a"""	"""28"""	"""m"""	"7"	"0"
"267SI2KYEPLS80BKHRXWP3ODLW1NT3"	"2J9TP9RA7S5W5UC9UXFFD0JMH00XSU"	"What is he talking about? (1-2 mins)"	"Short and fun! A 1-2 minute word game about what someone is talking about."	"experiment, psychology, game"	"$0.20"	"Wed Feb 19 13:37:56 PST 2014"	"50"	"0"	"0"	"50"	"Reviewable"	"NotReviewed"	"1 scales"	"600"	"60000"	"Wed Feb 26 13:37:56 PST 2014"	"https://requester.mturk.com/mturk/manageHIT?HITId=267SI2KYEPLS80BKHRXWP3ODLW1NT3"	"24S0OQKKA4IIB1Y2Q7X86EW6OSXZZW"	"A28WDXRWNSX8UH"	"Approved"	"Thu Feb 20 06:38:41 PST 2014"	"Wed Feb 19 13:57:52 PST 2014"	"Wed Feb 19 13:58:41 PST 2014"	"Wed Feb 19 14:10:22 PST 2014"	""	""	""	""	"""snowman"""	"""mittens"""	"""scarf"""	"""hat"""	"""left"""	"""middle"""	"0"	"-1"	"0"	"1"	"1"	"0"	"0"	"""2"""	"""1"""	"""TRUE"""	"""twin"""	"""FALSE"""	"-1"	"-1"	"-1"	"-1"	"-1"	"-1"	"""what did he mean when he said mitten"""	"""no"""	"""32"""	"""M"""	"6"	"0"
"267SI2KYEPLS80BKHRXWP3ODLW1NT3"	"2J9TP9RA7S5W5UC9UXFFD0JMH00XSU"	"What is he talking about? (1-2 mins)"	"Short and fun! A 1-2 minute word game about what someone is talking about."	"experiment, psychology, game"	"$0.20"	"Wed Feb 19 13:37:56 PST 2014"	"50"	"0"	"0"	"50"	"Reviewable"	"NotReviewed"	"1 scales"	"600"	"60000"	"Wed Feb 26 13:37:56 PST 2014"	"https://requester.mturk.com/mturk/manageHIT?HITId=267SI2KYEPLS80BKHRXWP3ODLW1NT3"	"2FMUKQOYGNIWKGY8KLR167S1S2HHZP"	"AAS7N38GYAVF8"	"Approved"	"Thu Feb 20 06:47:30 PST 2014"	"Wed Feb 19 14:05:45 PST 2014"	"Wed Feb 19 14:07:30 PST 2014"	"Wed Feb 19 14:23:09 PST 2014"	""	""	""	""	"""pizza"""	"""mushrooms"""	"""peppers"""	"""olives"""	"""right"""	"""middle"""	"0"	"-1"	"0"	"1"	"1"	"0"	"0"	"""3"""	"""1"""	"""TRUE"""	"""twin"""	"""FALSE"""	"-1"	"-1"	"-1"	"-1"	"-1"	"-1"	"""About bob picking a pizza"""	""""""	"""28"""	"""m"""	"7"	"0"
"267SI2KYEPLS80BKHRXWP3ODLW1NT3"	"2J9TP9RA7S5W5UC9UXFFD0JMH00XSU"	"What is he talking about? (1-2 mins)"	"Short and fun! A 1-2 minute word game about what someone is talking about."	"experiment, psychology, game"	"$0.20"	"Wed Feb 19 13:37:56 PST 2014"	"50"	"0"	"0"	"50"	"Reviewable"	"NotReviewed"	"1 scales"	"600"	"60000"	"Wed Feb 26 13:37:56 PST 2014"	"https://requester.mturk.com/mturk/manageHIT?HITId=267SI2KYEPLS80BKHRXWP3ODLW1NT3"	"2GJ70G5R98D82W1E31JSZNYISVDSCN"	"A2Y7SB7MPA07AD"	"Approved"	"Thu Feb 20 06:50:57 PST 2014"	"Wed Feb 19 14:09:58 PST 2014"	"Wed Feb 19 14:10:57 PST 2014"	"Wed Feb 19 14:23:09 PST 2014"	""	""	""	""	"""sundae"""	"""chocolate"""	"""cherry"""	"""whipped cream"""	"""left"""	"""middle"""	"0"	"-1"	"0"	"1"	"1"	"0"	"0"	"""2"""	"""1"""	"""TRUE"""	"""twin"""	"""FALSE"""	"-1"	"-1"	"-1"	"-1"	"-1"	"-1"	"""Perceptions on language."""	""""""	"""42"""	"""m"""	"6"	"0"
"267SI2KYEPLS80BKHRXWP3ODLW1NT3"	"2J9TP9RA7S5W5UC9UXFFD0JMH00XSU"	"What is he talking about? (1-2 mins)"	"Short and fun! A 1-2 minute word game about what someone is talking about."	"experiment, psychology, game"	"$0.20"	"Wed Feb 19 13:37:56 PST 2014"	"50"	"0"	"0"	"50"	"Reviewable"	"NotReviewed"	"1 scales"	"600"	"60000"	"Wed Feb 26 13:37:56 PST 2014"	"https://requester.mturk.com/mturk/manageHIT?HITId=267SI2KYEPLS80BKHRXWP3ODLW1NT3"	"2LUYU98JHSTLUWR0BGA9OOBPQBIPD4"	"AS6YG9LRIG1H6"	"Approved"	"Thu Feb 20 06:51:37 PST 2014"	"Wed Feb 19 14:09:21 PST 2014"	"Wed Feb 19 14:11:37 PST 2014"	"Wed Feb 19 14:23:09 PST 2014"	""	""	""	""	"""pizza"""	"""peppers"""	"""mushrooms"""	"""olives"""	"""right"""	"""middle"""	"0"	"-1"	"0"	"1"	"1"	"0"	"0"	"""2"""	"""1"""	"""TRUE"""	"""twin"""	"""FALSE"""	"-1"	"-1"	"-1"	"-1"	"-1"	"-1"	"""Language and Cognition"""	"""no"""	"""33"""	"""f"""	"6"	"0"
"267SI2KYEPLS80BKHRXWP3ODLW1NT3"	"2J9TP9RA7S5W5UC9UXFFD0JMH00XSU"	"What is he talking about? (1-2 mins)"	"Short and fun! A 1-2 minute word game about what someone is talking about."	"experiment, psychology, game"	"$0.20"	"Wed Feb 19 13:37:56 PST 2014"	"50"	"0"	"0"	"50"	"Reviewable"	"NotReviewed"	"1 scales"	"600"	"60000"	"Wed Feb 26 13:37:56 PST 2014"	"https://requester.mturk.com/mturk/manageHIT?HITId=267SI2KYEPLS80BKHRXWP3ODLW1NT3"	"21DPHIT3HVWAEDO6YSAQ8178B10CKQ"	"A2WZE3UJI0EFX9"	"Approved"	"Thu Feb 20 06:53:31 PST 2014"	"Wed Feb 19 14:10:32 PST 2014"	"Wed Feb 19 14:13:31 PST 2014"	"Wed Feb 19 14:23:09 PST 2014"	""	""	""	""	"""friend"""	"""hat"""	"""glasses"""	"""mustache"""	"""middle"""	"""left"""	"0"	"-1"	"0"	"1"	"1"	"0"	"0"	"""2"""	"""1"""	"""TRUE"""	"""twin"""	"""FALSE"""	"-1"	"-1"	"-1"	"-1"	"-1"	"-1"	"""To understand what Bob was talking about by using deductive reasoning."""	"""Thanks, nice study."""	"""27"""	"""m"""	"6"	"0"
"267SI2KYEPLS80BKHRXWP3ODLW1NT3"	"2J9TP9RA7S5W5UC9UXFFD0JMH00XSU"	"What is he talking about? (1-2 mins)"	"Short and fun! A 1-2 minute word game about what someone is talking about."	"experiment, psychology, game"	"$0.20"	"Wed Feb 19 13:37:56 PST 2014"	"50"	"0"	"0"	"50"	"Reviewable"	"NotReviewed"	"1 scales"	"600"	"60000"	"Wed Feb 26 13:37:56 PST 2014"	"https://requester.mturk.com/mturk/manageHIT?HITId=267SI2KYEPLS80BKHRXWP3ODLW1NT3"	"2U1RJ85OZIZE0FGALRFOW5E21PD9XW"	"A1QR6I7UPY8XQJ"	"Approved"	"Thu Feb 20 06:55:19 PST 2014"	"Wed Feb 19 14:14:34 PST 2014"	"Wed Feb 19 14:15:19 PST 2014"	"Wed Feb 19 14:23:09 PST 2014"	""	""	""	""	"""snowman"""	"""mittens"""	"""hat"""	"""scarf"""	"""right"""	"""left"""	"0"	"-1"	"0"	"1"	"1"	"0"	"0"	"""2"""	"""1"""	"""TRUE"""	"""twin"""	"""FALSE"""	"-1"	"-1"	"-1"	"-1"	"-1"	"-1"	"""language """	""""""	"""32"""	"""f"""	"6"	"0"
"267SI2KYEPLS80BKHRXWP3ODLW1NT3"	"2J9TP9RA7S5W5UC9UXFFD0JMH00XSU"	"What is he talking about? (1-2 mins)"	"Short and fun! A 1-2 minute word game about what someone is talking about."	"experiment, psychology, game"	"$0.20"	"Wed Feb 19 13:37:56 PST 2014"	"50"	"0"	"0"	"50"	"Reviewable"	"NotReviewed"	"1 scales"	"600"	"60000"	"Wed Feb 26 13:37:56 PST 2014"	"https://requester.mturk.com/mturk/manageHIT?HITId=267SI2KYEPLS80BKHRXWP3ODLW1NT3"	"239V8ER9Y8TN3BSZORWKLHS80ET5SU"	"A1F63RK1PMJS5Y"	"Approved"	"Thu Feb 20 06:56:30 PST 2014"	"Wed Feb 19 14:15:45 PST 2014"	"Wed Feb 19 14:16:30 PST 2014"	"Wed Feb 19 14:23:10 PST 2014"	""	""	""	""	"""boat"""	"""motor"""	"""cabin"""	"""sail"""	"""middle"""	"""left"""	"0"	"-1"	"0"	"1"	"1"	"0"	"0"	"""2"""	"""1"""	"""TRUE"""	"""single"""	"""FALSE"""	"-1"	"-1"	"-1"	"-1"	"-1"	"-1"	"""Bob and his boats"""	"""none"""	"""27"""	"""M"""	"6"	"0"
"267SI2KYEPLS80BKHRXWP3ODLW1NT3"	"2J9TP9RA7S5W5UC9UXFFD0JMH00XSU"	"What is he talking about? (1-2 mins)"	"Short and fun! A 1-2 minute word game about what someone is talking about."	"experiment, psychology, game"	"$0.20"	"Wed Feb 19 13:37:56 PST 2014"	"50"	"0"	"0"	"50"	"Reviewable"	"NotReviewed"	"1 scales"	"600"	"60000"	"Wed Feb 26 13:37:56 PST 2014"	"https://requester.mturk.com/mturk/manageHIT?HITId=267SI2KYEPLS80BKHRXWP3ODLW1NT3"	"2E70OHOVR14IGDU2HETHKCWGIPV567"	"A1OMIZ3EM2HU45"	"Approved"	"Thu Feb 20 06:57:23 PST 2014"	"Wed Feb 19 14:15:33 PST 2014"	"Wed Feb 19 14:17:23 PST 2014"	"Wed Feb 19 14:23:10 PST 2014"	""	""	""	""	"""sundae"""	"""chocolate"""	"""whipped cream"""	"""cherry"""	"""left"""	"""right"""	"0"	"-1"	"0"	"1"	"1"	"0"	"0"	"""2"""	"""1"""	"""TRUE"""	"""twin"""	"""FALSE"""	"-1"	"-1"	"-1"	"-1"	"-1"	"-1"	"""Recognize the object in description"""	"""no comments"""	"""27"""	"""M=male"""	"6"	"0"
"267SI2KYEPLS80BKHRXWP3ODLW1NT3"	"2J9TP9RA7S5W5UC9UXFFD0JMH00XSU"	"What is he talking about? (1-2 mins)"	"Short and fun! A 1-2 minute word game about what someone is talking about."	"experiment, psychology, game"	"$0.20"	"Wed Feb 19 13:37:56 PST 2014"	"50"	"0"	"0"	"50"	"Reviewable"	"NotReviewed"	"1 scales"	"600"	"60000"	"Wed Feb 26 13:37:56 PST 2014"	"https://requester.mturk.com/mturk/manageHIT?HITId=267SI2KYEPLS80BKHRXWP3ODLW1NT3"	"23NOK5UFJ51YQJKOVKPQY1CY5EI7AG"	"AL9A12ZN69ADO"	"Approved"	"Thu Feb 20 07:03:53 PST 2014"	"Wed Feb 19 14:22:12 PST 2014"	"Wed Feb 19 14:23:53 PST 2014"	"Wed Feb 19 14:28:39 PST 2014"	""	""	""	""	"""boat"""	"""sail"""	"""motor"""	"""cabin"""	"""left"""	"""middle"""	"0"	"-1"	"0"	"1"	"1"	"0"	"0"	"""3"""	"""1"""	"""TRUE"""	"""twin"""	"""FALSE"""	"-1"	"-1"	"-1"	"-1"	"-1"	"-1"	"""Sailing"""	""""""	"""19"""	"""f"""	"7"	"0"
"267SI2KYEPLS80BKHRXWP3ODLW1NT3"	"2J9TP9RA7S5W5UC9UXFFD0JMH00XSU"	"What is he talking about? (1-2 mins)"	"Short and fun! A 1-2 minute word game about what someone is talking about."	"experiment, psychology, game"	"$0.20"	"Wed Feb 19 13:37:56 PST 2014"	"50"	"0"	"0"	"50"	"Reviewable"	"NotReviewed"	"1 scales"	"600"	"60000"	"Wed Feb 26 13:37:56 PST 2014"	"https://requester.mturk.com/mturk/manageHIT?HITId=267SI2KYEPLS80BKHRXWP3ODLW1NT3"	"2IKV7WGKCCVL4WIAZ8DHGPQAO1J3TU"	"A1JTOUQAD12LQR"	"Approved"	"Thu Feb 20 07:08:12 PST 2014"	"Wed Feb 19 14:27:43 PST 2014"	"Wed Feb 19 14:28:12 PST 2014"	"Wed Feb 19 14:48:23 PST 2014"	""	""	""	""	"""friend"""	"""glasses"""	"""mustache"""	"""hat"""	"""left"""	"""middle"""	"0"	"-1"	"0"	"1"	"1"	"0"	"0"	"""3"""	"""1"""	"""TRUE"""	"""single"""	"""FALSE"""	"-1"	"-1"	"-1"	"-1"	"-1"	"-1"	"""glasses"""	"""na"""	"""25"""	"""male"""	"7"	"0"
"267SI2KYEPLS80BKHRXWP3ODLW1NT3"	"2J9TP9RA7S5W5UC9UXFFD0JMH00XSU"	"What is he talking about? (1-2 mins)"	"Short and fun! A 1-2 minute word game about what someone is talking about."	"experiment, psychology, game"	"$0.20"	"Wed Feb 19 13:37:56 PST 2014"	"50"	"0"	"0"	"50"	"Reviewable"	"NotReviewed"	"1 scales"	"600"	"60000"	"Wed Feb 26 13:37:56 PST 2014"	"https://requester.mturk.com/mturk/manageHIT?HITId=267SI2KYEPLS80BKHRXWP3ODLW1NT3"	"2HSG5R98D8J3E7DWOXKN4CG9Y4GEUN"	"AYANAGAAQ2N5T"	"Approved"	"Thu Feb 20 07:10:16 PST 2014"	"Wed Feb 19 14:28:00 PST 2014"	"Wed Feb 19 14:30:16 PST 2014"	"Wed Feb 19 14:48:23 PST 2014"	""	""	""	""	"""boat"""	"""sail"""	"""motor"""	"""cabin"""	"""right"""	"""left"""	"0"	"-1"	"0"	"1"	"1"	"0"	"0"	"""2"""	"""1"""	"""TRUE"""	"""twin"""	"""FALSE"""	"-1"	"-1"	"-1"	"-1"	"-1"	"-1"	"""picking a boat for bob"""	"""was interesting"""	"""27"""	"""m"""	"6"	"0"
"267SI2KYEPLS80BKHRXWP3ODLW1NT3"	"2J9TP9RA7S5W5UC9UXFFD0JMH00XSU"	"What is he talking about? (1-2 mins)"	"Short and fun! A 1-2 minute word game about what someone is talking about."	"experiment, psychology, game"	"$0.20"	"Wed Feb 19 13:37:56 PST 2014"	"50"	"0"	"0"	"50"	"Reviewable"	"NotReviewed"	"1 scales"	"600"	"60000"	"Wed Feb 26 13:37:56 PST 2014"	"https://requester.mturk.com/mturk/manageHIT?HITId=267SI2KYEPLS80BKHRXWP3ODLW1NT3"	"21ALKH1Q6SVQRAE8IVL6R5OH74F1KV"	"AMZKHECCNDIG3"	"Approved"	"Thu Feb 20 07:15:17 PST 2014"	"Wed Feb 19 14:33:22 PST 2014"	"Wed Feb 19 14:35:17 PST 2014"	"Wed Feb 19 14:48:23 PST 2014"	""	""	""	""	"""sundae"""	"""chocolate"""	"""whipped cream"""	"""cherry"""	"""right"""	"""middle"""	"0"	"-1"	"0"	"1"	"1"	"0"	"0"	"""2"""	"""1"""	"""TRUE"""	"""twin"""	"""FALSE"""	"-1"	"-1"	"-1"	"-1"	"-1"	"-1"	"""LANGUAGE MEANING"""	""""""	"""72"""	"""female"""	"6"	"0"
"267SI2KYEPLS80BKHRXWP3ODLW1NT3"	"2J9TP9RA7S5W5UC9UXFFD0JMH00XSU"	"What is he talking about? (1-2 mins)"	"Short and fun! A 1-2 minute word game about what someone is talking about."	"experiment, psychology, game"	"$0.20"	"Wed Feb 19 13:37:56 PST 2014"	"50"	"0"	"0"	"50"	"Reviewable"	"NotReviewed"	"1 scales"	"600"	"60000"	"Wed Feb 26 13:37:56 PST 2014"	"https://requester.mturk.com/mturk/manageHIT?HITId=267SI2KYEPLS80BKHRXWP3ODLW1NT3"	"2L5PGFL6VCPWI2XN919O11SD4F1L6H"	"A2MKXI4KCRRI7Y"	"Approved"	"Thu Feb 20 07:18:48 PST 2014"	"Wed Feb 19 14:37:39 PST 2014"	"Wed Feb 19 14:38:48 PST 2014"	"Wed Feb 19 14:48:28 PST 2014"	""	""	""	""	"""sundae"""	"""cherry"""	"""whipped cream"""	"""chocolate"""	"""middle"""	"""right"""	"0"	"-1"	"0"	"1"	"1"	"0"	"0"	"""3"""	"""1"""	"""TRUE"""	"""twin"""	"""FALSE"""	"-1"	"-1"	"-1"	"-1"	"-1"	"-1"	"""sundaes"""	""""""	""""""	""""""	"7"	"0"
"267SI2KYEPLS80BKHRXWP3ODLW1NT3"	"2J9TP9RA7S5W5UC9UXFFD0JMH00XSU"	"What is he talking about? (1-2 mins)"	"Short and fun! A 1-2 minute word game about what someone is talking about."	"experiment, psychology, game"	"$0.20"	"Wed Feb 19 13:37:56 PST 2014"	"50"	"0"	"0"	"50"	"Reviewable"	"NotReviewed"	"1 scales"	"600"	"60000"	"Wed Feb 26 13:37:56 PST 2014"	"https://requester.mturk.com/mturk/manageHIT?HITId=267SI2KYEPLS80BKHRXWP3ODLW1NT3"	"2A4OK2JE1M7P3DFLN1XO5AC6GDYVO0"	"A2A35Y6TXQXF5N"	"Approved"	"Thu Feb 20 07:22:18 PST 2014"	"Wed Feb 19 14:41:33 PST 2014"	"Wed Feb 19 14:42:18 PST 2014"	"Wed Feb 19 14:48:28 PST 2014"	""	""	""	""	"""sundae"""	"""chocolate"""	"""whipped cream"""	"""cherry"""	"""left"""	"""middle"""	"0"	"-1"	"0"	"1"	"1"	"0"	"0"	"""2"""	"""1"""	"""TRUE"""	"""twin"""	"""FALSE"""	"-1"	"-1"	"-1"	"-1"	"-1"	"-1"	"""Sundae's"""	"""No"""	"""34"""	"""f"""	"6"	"0"
"267SI2KYEPLS80BKHRXWP3ODLW1NT3"	"2J9TP9RA7S5W5UC9UXFFD0JMH00XSU"	"What is he talking about? (1-2 mins)"	"Short and fun! A 1-2 minute word game about what someone is talking about."	"experiment, psychology, game"	"$0.20"	"Wed Feb 19 13:37:56 PST 2014"	"50"	"0"	"0"	"50"	"Reviewable"	"NotReviewed"	"1 scales"	"600"	"60000"	"Wed Feb 26 13:37:56 PST 2014"	"https://requester.mturk.com/mturk/manageHIT?HITId=267SI2KYEPLS80BKHRXWP3ODLW1NT3"	"2D5HJHP4BDDKZX48NXO933G9H0XY5B"	"A19GEB36T1YTML"	"Approved"	"Thu Feb 20 07:31:49 PST 2014"	"Wed Feb 19 14:50:17 PST 2014"	"Wed Feb 19 14:51:49 PST 2014"	"Wed Feb 19 15:48:17 PST 2014"	""	""	""	""	"""snowman"""	"""mittens"""	"""hat"""	"""scarf"""	"""right"""	"""left"""	"0"	"-1"	"0"	"1"	"1"	"0"	"0"	"""3"""	"""1"""	"""TRUE"""	"""single"""	"""FALSE"""	"-1"	"-1"	"-1"	"-1"	"-1"	"-1"	"""Bob's snowmen"""	""""""	"""31"""	"""m"""	"7"	"0"
"267SI2KYEPLS80BKHRXWP3ODLW1NT3"	"2J9TP9RA7S5W5UC9UXFFD0JMH00XSU"	"What is he talking about? (1-2 mins)"	"Short and fun! A 1-2 minute word game about what someone is talking about."	"experiment, psychology, game"	"$0.20"	"Wed Feb 19 13:37:56 PST 2014"	"50"	"0"	"0"	"50"	"Reviewable"	"NotReviewed"	"1 scales"	"600"	"60000"	"Wed Feb 26 13:37:56 PST 2014"	"https://requester.mturk.com/mturk/manageHIT?HITId=267SI2KYEPLS80BKHRXWP3ODLW1NT3"	"28URCJK63ZVEMAX0GZ9AW9JRHK5X87"	"A3NSX46VYD9J49"	"Approved"	"Thu Feb 20 07:34:20 PST 2014"	"Wed Feb 19 14:51:55 PST 2014"	"Wed Feb 19 14:54:20 PST 2014"	"Wed Feb 19 15:48:17 PST 2014"	""	""	""	""	"""Christmas tree"""	"""star"""	"""ornaments"""	"""lights"""	"""left"""	"""middle"""	"0"	"-1"	"0"	"1"	"1"	"0"	"0"	"""2"""	"""1"""	"""TRUE"""	"""twin"""	"""FALSE"""	"-1"	"-1"	"-1"	"-1"	"-1"	"-1"	"""communication with very little information"""	"""this one was confusing since there were two trees that were exactly the same except that one was a little darker than the other"""	"""40"""	"""f"""	"6"	"0"
"267SI2KYEPLS80BKHRXWP3ODLW1NT3"	"2J9TP9RA7S5W5UC9UXFFD0JMH00XSU"	"What is he talking about? (1-2 mins)"	"Short and fun! A 1-2 minute word game about what someone is talking about."	"experiment, psychology, game"	"$0.20"	"Wed Feb 19 13:37:56 PST 2014"	"50"	"0"	"0"	"50"	"Reviewable"	"NotReviewed"	"1 scales"	"600"	"60000"	"Wed Feb 26 13:37:56 PST 2014"	"https://requester.mturk.com/mturk/manageHIT?HITId=267SI2KYEPLS80BKHRXWP3ODLW1NT3"	"28M98JHSTLB34TLBFE9OHJEP37ZFRC"	"ALK8IERMYHU5J"	"Approved"	"Thu Feb 20 07:36:57 PST 2014"	"Wed Feb 19 14:55:45 PST 2014"	"Wed Feb 19 14:56:57 PST 2014"	"Wed Feb 19 15:48:17 PST 2014"	""	""	""	""	"""snowman"""	"""scarf"""	"""hat"""	"""mittens"""	"""right"""	"""left"""	"0"	"-1"	"0"	"1"	"1"	"0"	"0"	"""3"""	"""1"""	"""TRUE"""	"""twin"""	"""FALSE"""	"-1"	"-1"	"-1"	"-1"	"-1"	"-1"	"""language"""	""""""	"""33"""	"""m"""	"7"	"0"
"267SI2KYEPLS80BKHRXWP3ODLW1NT3"	"2J9TP9RA7S5W5UC9UXFFD0JMH00XSU"	"What is he talking about? (1-2 mins)"	"Short and fun! A 1-2 minute word game about what someone is talking about."	"experiment, psychology, game"	"$0.20"	"Wed Feb 19 13:37:56 PST 2014"	"50"	"0"	"0"	"50"	"Reviewable"	"NotReviewed"	"1 scales"	"600"	"60000"	"Wed Feb 26 13:37:56 PST 2014"	"https://requester.mturk.com/mturk/manageHIT?HITId=267SI2KYEPLS80BKHRXWP3ODLW1NT3"	"23VHVWAVKI626CW2XCTZF9QNI4OHPK"	"A2C85B8E3K4TIW"	"Approved"	"Thu Feb 20 07:39:55 PST 2014"	"Wed Feb 19 14:58:10 PST 2014"	"Wed Feb 19 14:59:55 PST 2014"	"Wed Feb 19 15:48:17 PST 2014"	""	""	""	""	"""boat"""	"""sail"""	"""motor"""	"""cabin"""	"""middle"""	"""left"""	"0"	"-1"	"0"	"1"	"1"	"0"	"0"	"""2"""	"""1"""	"""TRUE"""	"""twin"""	"""FALSE"""	"-1"	"-1"	"-1"	"-1"	"-1"	"-1"	"""Which of the two boats with a sail Bob was referring to"""	""""""	"""25"""	"""f"""	"6"	"0"
"267SI2KYEPLS80BKHRXWP3ODLW1NT3"	"2J9TP9RA7S5W5UC9UXFFD0JMH00XSU"	"What is he talking about? (1-2 mins)"	"Short and fun! A 1-2 minute word game about what someone is talking about."	"experiment, psychology, game"	"$0.20"	"Wed Feb 19 13:37:56 PST 2014"	"50"	"0"	"0"	"50"	"Reviewable"	"NotReviewed"	"1 scales"	"600"	"60000"	"Wed Feb 26 13:37:56 PST 2014"	"https://requester.mturk.com/mturk/manageHIT?HITId=267SI2KYEPLS80BKHRXWP3ODLW1NT3"	"2EAXKO2L92HEVPG6T8POICF6OIDFE3"	"A3HNZ3N2UHONVN"	"Approved"	"Thu Feb 20 08:00:24 PST 2014"	"Wed Feb 19 15:19:12 PST 2014"	"Wed Feb 19 15:20:24 PST 2014"	"Wed Feb 19 15:48:18 PST 2014"	""	""	""	""	"""boat"""	"""motor"""	"""cabin"""	"""sail"""	"""right"""	"""middle"""	"0"	"-1"	"0"	"1"	"1"	"0"	"0"	"""3"""	"""1"""	"""TRUE"""	"""single"""	"""FALSE"""	"-1"	"-1"	"-1"	"-1"	"-1"	"-1"	"""Motor boats."""	"""No."""	"""32"""	"""m"""	"7"	"0"
"267SI2KYEPLS80BKHRXWP3ODLW1NT3"	"2J9TP9RA7S5W5UC9UXFFD0JMH00XSU"	"What is he talking about? (1-2 mins)"	"Short and fun! A 1-2 minute word game about what someone is talking about."	"experiment, psychology, game"	"$0.20"	"Wed Feb 19 13:37:56 PST 2014"	"50"	"0"	"0"	"50"	"Reviewable"	"NotReviewed"	"1 scales"	"600"	"60000"	"Wed Feb 26 13:37:56 PST 2014"	"https://requester.mturk.com/mturk/manageHIT?HITId=267SI2KYEPLS80BKHRXWP3ODLW1NT3"	"2IBHSTLB3L0FUCFIKGAEPRE1QY0IUF"	"A37EC6JJ8SSJ2J"	"Approved"	"Thu Feb 20 08:00:32 PST 2014"	"Wed Feb 19 15:19:45 PST 2014"	"Wed Feb 19 15:20:32 PST 2014"	"Wed Feb 19 15:48:18 PST 2014"	""	""	""	""	"""pizza"""	"""olives"""	"""mushrooms"""	"""peppers"""	"""right"""	"""middle"""	"0"	"-1"	"0"	"1"	"1"	"0"	"0"	"""2"""	"""1"""	"""TRUE"""	"""twin"""	"""FALSE"""	"-1"	"-1"	"-1"	"-1"	"-1"	"-1"	"""I have no idea."""	""""""	"""38"""	"""m"""	"6"	"0"
"267SI2KYEPLS80BKHRXWP3ODLW1NT3"	"2J9TP9RA7S5W5UC9UXFFD0JMH00XSU"	"What is he talking about? (1-2 mins)"	"Short and fun! A 1-2 minute word game about what someone is talking about."	"experiment, psychology, game"	"$0.20"	"Wed Feb 19 13:37:56 PST 2014"	"50"	"0"	"0"	"50"	"Reviewable"	"NotReviewed"	"1 scales"	"600"	"60000"	"Wed Feb 26 13:37:56 PST 2014"	"https://requester.mturk.com/mturk/manageHIT?HITId=267SI2KYEPLS80BKHRXWP3ODLW1NT3"	"224M6IAA2SEIDN00WTHKQA4OULHMM7"	"A1US4SO8V5QK3Y"	"Approved"	"Thu Feb 20 08:05:17 PST 2014"	"Wed Feb 19 15:24:23 PST 2014"	"Wed Feb 19 15:25:17 PST 2014"	"Wed Feb 19 15:48:18 PST 2014"	""	""	""	""	"""Christmas tree"""	"""star"""	"""ornaments"""	"""lights"""	"""left"""	"""middle"""	"0"	"-1"	"0"	"1"	"1"	"0"	"0"	"""2"""	"""3"""	"""TRUE"""	"""single"""	"""FALSE"""	"-1"	"-1"	"-1"	"-1"	"-1"	"-1"	"""A christmas tree trimmer who could only communicate with one word"""	"""nope"""	"""29"""	"""f"""	"6"	"0"
"267SI2KYEPLS80BKHRXWP3ODLW1NT3"	"2J9TP9RA7S5W5UC9UXFFD0JMH00XSU"	"What is he talking about? (1-2 mins)"	"Short and fun! A 1-2 minute word game about what someone is talking about."	"experiment, psychology, game"	"$0.20"	"Wed Feb 19 13:37:56 PST 2014"	"50"	"0"	"0"	"50"	"Reviewable"	"NotReviewed"	"1 scales"	"600"	"60000"	"Wed Feb 26 13:37:56 PST 2014"	"https://requester.mturk.com/mturk/manageHIT?HITId=267SI2KYEPLS80BKHRXWP3ODLW1NT3"	"2LW9F9SSSHX1KCUNOYWHBF8PGH6UY5"	"A2ODZAVURDFOHM"	"Approved"	"Thu Feb 20 08:33:25 PST 2014"	"Wed Feb 19 15:52:22 PST 2014"	"Wed Feb 19 15:53:25 PST 2014"	"Wed Feb 19 16:25:26 PST 2014"	""	""	""	""	"""Christmas tree"""	"""star"""	"""lights"""	"""ornaments"""	"""right"""	"""middle"""	"0"	"-1"	"0"	"1"	"1"	"0"	"0"	"""2"""	"""1"""	"""TRUE"""	"""twin"""	"""FALSE"""	"-1"	"-1"	"-1"	"-1"	"-1"	"-1"	"""What choices you make based on certain words"""	""""""	"""22"""	"""F"""	"6"	"0"
"267SI2KYEPLS80BKHRXWP3ODLW1NT3"	"2J9TP9RA7S5W5UC9UXFFD0JMH00XSU"	"What is he talking about? (1-2 mins)"	"Short and fun! A 1-2 minute word game about what someone is talking about."	"experiment, psychology, game"	"$0.20"	"Wed Feb 19 13:37:56 PST 2014"	"50"	"0"	"0"	"50"	"Reviewable"	"NotReviewed"	"1 scales"	"600"	"60000"	"Wed Feb 26 13:37:56 PST 2014"	"https://requester.mturk.com/mturk/manageHIT?HITId=267SI2KYEPLS80BKHRXWP3ODLW1NT3"	"28XPQJQ9OPLLG5DUIWOGEKCUBEFZ14"	"A2ZE8LSRMRV5WF"	"Approved"	"Thu Feb 20 08:45:01 PST 2014"	"Wed Feb 19 16:03:59 PST 2014"	"Wed Feb 19 16:05:01 PST 2014"	"Wed Feb 19 16:57:06 PST 2014"	""	""	""	""	"""sundae"""	"""chocolate"""	"""cherry"""	"""whipped cream"""	"""middle"""	"""right"""	"0"	"-1"	"0"	"1"	"1"	"0"	"0"	"""2"""	"""1"""	"""TRUE"""	"""twin"""	"""FALSE"""	"-1"	"-1"	"-1"	"-1"	"-1"	"-1"	"""Bob and his sundaes"""	""""""	"""18"""	"""m"""	"6"	"0"
"267SI2KYEPLS80BKHRXWP3ODLW1NT3"	"2J9TP9RA7S5W5UC9UXFFD0JMH00XSU"	"What is he talking about? (1-2 mins)"	"Short and fun! A 1-2 minute word game about what someone is talking about."	"experiment, psychology, game"	"$0.20"	"Wed Feb 19 13:37:56 PST 2014"	"50"	"0"	"0"	"50"	"Reviewable"	"NotReviewed"	"1 scales"	"600"	"60000"	"Wed Feb 26 13:37:56 PST 2014"	"https://requester.mturk.com/mturk/manageHIT?HITId=267SI2KYEPLS80BKHRXWP3ODLW1NT3"	"2FJ98D8J3VE7FLYTJ33G9MCQK3DXH4"	"A3LTCJRLT895T4"	"Approved"	"Thu Feb 20 08:48:04 PST 2014"	"Wed Feb 19 16:05:08 PST 2014"	"Wed Feb 19 16:08:04 PST 2014"	"Wed Feb 19 16:57:06 PST 2014"	""	""	""	""	"""pizza"""	"""mushrooms"""	"""olives"""	"""peppers"""	"""right"""	"""left"""	"0"	"-1"	"0"	"1"	"1"	"0"	"0"	"""3"""	"""1"""	"""TRUE"""	"""single"""	"""FALSE"""	"-1"	"-1"	"-1"	"-1"	"-1"	"-1"	"""what is Bob talking about? Other than that I have no idea."""	"""no"""	"""45"""	"""f"""	"7"	"0"
"267SI2KYEPLS80BKHRXWP3ODLW1NT3"	"2J9TP9RA7S5W5UC9UXFFD0JMH00XSU"	"What is he talking about? (1-2 mins)"	"Short and fun! A 1-2 minute word game about what someone is talking about."	"experiment, psychology, game"	"$0.20"	"Wed Feb 19 13:37:56 PST 2014"	"50"	"0"	"0"	"50"	"Reviewable"	"NotReviewed"	"1 scales"	"600"	"60000"	"Wed Feb 26 13:37:56 PST 2014"	"https://requester.mturk.com/mturk/manageHIT?HITId=267SI2KYEPLS80BKHRXWP3ODLW1NT3"	"2EAXKO2L92HEVPG6T8POICF6OITFEJ"	"A2OLVF6P86QSQJ"	"Approved"	"Thu Feb 20 08:54:35 PST 2014"	"Wed Feb 19 16:13:50 PST 2014"	"Wed Feb 19 16:14:35 PST 2014"	"Wed Feb 19 16:57:07 PST 2014"	""	""	""	""	"""Christmas tree"""	"""lights"""	"""star"""	"""ornaments"""	"""right"""	"""middle"""	"0"	"-1"	"0"	"1"	"1"	"0"	"0"	"""3"""	"""1"""	"""TRUE"""	"""twin"""	"""FALSE"""	"-1"	"-1"	"-1"	"-1"	"-1"	"-1"	"""not sure"""	""""""	"""28"""	"""m"""	"7"	"0"
"267SI2KYEPLS80BKHRXWP3ODLW1NT3"	"2J9TP9RA7S5W5UC9UXFFD0JMH00XSU"	"What is he talking about? (1-2 mins)"	"Short and fun! A 1-2 minute word game about what someone is talking about."	"experiment, psychology, game"	"$0.20"	"Wed Feb 19 13:37:56 PST 2014"	"50"	"0"	"0"	"50"	"Reviewable"	"NotReviewed"	"1 scales"	"600"	"60000"	"Wed Feb 26 13:37:56 PST 2014"	"https://requester.mturk.com/mturk/manageHIT?HITId=267SI2KYEPLS80BKHRXWP3ODLW1NT3"	"2UMDD8XMB3Q3SS6B2ZKOCT4K7LPFQ3"	"A1XUZFDVKP95VC"	"Approved"	"Thu Feb 20 09:23:13 PST 2014"	"Wed Feb 19 16:42:27 PST 2014"	"Wed Feb 19 16:43:13 PST 2014"	"Wed Feb 19 16:58:09 PST 2014"	""	""	""	""	"""sundae"""	"""whipped cream"""	"""chocolate"""	"""cherry"""	"""right"""	"""middle"""	"0"	"-1"	"0"	"1"	"1"	"0"	"0"	"""2"""	"""1"""	"""TRUE"""	"""twin"""	"""FALSE"""	"-1"	"-1"	"-1"	"-1"	"-1"	"-1"	"""unsure"""	""""""	"""34"""	"""m"""	"6"	"0"
"267SI2KYEPLS80BKHRXWP3ODLW1NT3"	"2J9TP9RA7S5W5UC9UXFFD0JMH00XSU"	"What is he talking about? (1-2 mins)"	"Short and fun! A 1-2 minute word game about what someone is talking about."	"experiment, psychology, game"	"$0.20"	"Wed Feb 19 13:37:56 PST 2014"	"50"	"0"	"0"	"50"	"Reviewable"	"NotReviewed"	"1 scales"	"600"	"60000"	"Wed Feb 26 13:37:56 PST 2014"	"https://requester.mturk.com/mturk/manageHIT?HITId=267SI2KYEPLS80BKHRXWP3ODLW1NT3"	"2IF46UXFCD45G5KTJIJNZKITFMCTVJ"	"AESZXK5KIWTKC"	"Approved"	"Thu Feb 20 09:25:54 PST 2014"	"Wed Feb 19 16:44:45 PST 2014"	"Wed Feb 19 16:45:54 PST 2014"	"Wed Feb 19 16:58:09 PST 2014"	""	""	""	""	"""boat"""	"""sail"""	"""motor"""	"""cabin"""	"""right"""	"""middle"""	"0"	"-1"	"0"	"1"	"1"	"0"	"0"	"""3"""	"""1"""	"""TRUE"""	"""twin"""	"""FALSE"""	"-1"	"-1"	"-1"	"-1"	"-1"	"-1"	"""Sail Boats"""	""""""	"""22"""	"""m"""	"7"	"0"
"267SI2KYEPLS80BKHRXWP3ODLW1NT3"	"2J9TP9RA7S5W5UC9UXFFD0JMH00XSU"	"What is he talking about? (1-2 mins)"	"Short and fun! A 1-2 minute word game about what someone is talking about."	"experiment, psychology, game"	"$0.20"	"Wed Feb 19 13:37:56 PST 2014"	"50"	"0"	"0"	"50"	"Reviewable"	"NotReviewed"	"1 scales"	"600"	"60000"	"Wed Feb 26 13:37:56 PST 2014"	"https://requester.mturk.com/mturk/manageHIT?HITId=267SI2KYEPLS80BKHRXWP3ODLW1NT3"	"2TX1Y7QEOZFY9L7COYDOLXRJ4XEHER"	"A34JG5YYW98V22"	"Approved"	"Thu Feb 20 09:26:40 PST 2014"	"Wed Feb 19 16:46:14 PST 2014"	"Wed Feb 19 16:46:40 PST 2014"	"Wed Feb 19 16:58:10 PST 2014"	""	""	""	""	"""snowman"""	"""mittens"""	"""hat"""	"""scarf"""	"""right"""	"""left"""	"0"	"-1"	"0"	"1"	"1"	"0"	"0"	"""3"""	"""2"""	"""TRUE"""	"""single"""	"""FALSE"""	"-1"	"-1"	"-1"	"-1"	"-1"	"-1"	"""How people view language."""	""""""	""""""	""""""	"7"	"0"
"267SI2KYEPLS80BKHRXWP3ODLW1NT3"	"2J9TP9RA7S5W5UC9UXFFD0JMH00XSU"	"What is he talking about? (1-2 mins)"	"Short and fun! A 1-2 minute word game about what someone is talking about."	"experiment, psychology, game"	"$0.20"	"Wed Feb 19 13:37:56 PST 2014"	"50"	"0"	"0"	"50"	"Reviewable"	"NotReviewed"	"1 scales"	"600"	"60000"	"Wed Feb 26 13:37:56 PST 2014"	"https://requester.mturk.com/mturk/manageHIT?HITId=267SI2KYEPLS80BKHRXWP3ODLW1NT3"	"21KQV66RLPHICWNVSFMKO62TVJZ6EG"	"A3ARIV7ROCE3C"	"Approved"	"Thu Feb 20 09:31:55 PST 2014"	"Wed Feb 19 16:50:53 PST 2014"	"Wed Feb 19 16:51:55 PST 2014"	"Wed Feb 19 16:58:10 PST 2014"	""	""	""	""	"""pizza"""	"""olives"""	"""peppers"""	"""mushrooms"""	"""right"""	"""middle"""	"0"	"-1"	"0"	"1"	"1"	"0"	"0"	"""3"""	"""1"""	"""TRUE"""	"""twin"""	"""FALSE"""	"-1"	"-1"	"-1"	"-1"	"-1"	"-1"	"""communication"""	""""""	"""27"""	"""f"""	"7"	"0"
"267SI2KYEPLS80BKHRXWP3ODLW1NT3"	"2J9TP9RA7S5W5UC9UXFFD0JMH00XSU"	"What is he talking about? (1-2 mins)"	"Short and fun! A 1-2 minute word game about what someone is talking about."	"experiment, psychology, game"	"$0.20"	"Wed Feb 19 13:37:56 PST 2014"	"50"	"0"	"0"	"50"	"Reviewable"	"NotReviewed"	"1 scales"	"600"	"60000"	"Wed Feb 26 13:37:56 PST 2014"	"https://requester.mturk.com/mturk/manageHIT?HITId=267SI2KYEPLS80BKHRXWP3ODLW1NT3"	"2HUJENLVWJ5O846YRLQ84MWHJ7MS02"	"A36Z84HQ47181X"	"Approved"	"Thu Feb 20 09:32:34 PST 2014"	"Wed Feb 19 16:51:34 PST 2014"	"Wed Feb 19 16:52:34 PST 2014"	"Wed Feb 19 16:58:10 PST 2014"	""	""	""	""	"""pizza"""	"""peppers"""	"""olives"""	"""mushrooms"""	"""right"""	"""middle"""	"0"	"-1"	"0"	"1"	"1"	"0"	"0"	"""3"""	"""1"""	"""TRUE"""	"""twin"""	"""FALSE"""	"-1"	"-1"	"-1"	"-1"	"-1"	"-1"	"""one word communication"""	""""""	"""40"""	"""f"""	"7"	"0"
"267SI2KYEPLS80BKHRXWP3ODLW1NT3"	"2J9TP9RA7S5W5UC9UXFFD0JMH00XSU"	"What is he talking about? (1-2 mins)"	"Short and fun! A 1-2 minute word game about what someone is talking about."	"experiment, psychology, game"	"$0.20"	"Wed Feb 19 13:37:56 PST 2014"	"50"	"0"	"0"	"50"	"Reviewable"	"NotReviewed"	"1 scales"	"600"	"60000"	"Wed Feb 26 13:37:56 PST 2014"	"https://requester.mturk.com/mturk/manageHIT?HITId=267SI2KYEPLS80BKHRXWP3ODLW1NT3"	"2UQEPLSP75KL5Z2JZT1HWEQ1VK3SY5"	"A2PMLUI99O0Q8Y"	"Approved"	"Thu Feb 20 09:42:22 PST 2014"	"Wed Feb 19 16:59:38 PST 2014"	"Wed Feb 19 17:02:22 PST 2014"	"Wed Feb 19 21:25:17 PST 2014"	""	""	""	""	"""boat"""	"""motor"""	"""cabin"""	"""sail"""	"""right"""	"""left"""	"0"	"-1"	"0"	"1"	"1"	"0"	"0"	"""2"""	"""1"""	"""TRUE"""	"""twin"""	"""FALSE"""	"-1"	"-1"	"-1"	"-1"	"-1"	"-1"	"""Bob deciding which boat to get"""	""""""	"""26"""	"""m"""	"6"	"0"
"267SI2KYEPLS80BKHRXWP3ODLW1NT3"	"2J9TP9RA7S5W5UC9UXFFD0JMH00XSU"	"What is he talking about? (1-2 mins)"	"Short and fun! A 1-2 minute word game about what someone is talking about."	"experiment, psychology, game"	"$0.20"	"Wed Feb 19 13:37:56 PST 2014"	"50"	"0"	"0"	"50"	"Reviewable"	"NotReviewed"	"1 scales"	"600"	"60000"	"Wed Feb 26 13:37:56 PST 2014"	"https://requester.mturk.com/mturk/manageHIT?HITId=267SI2KYEPLS80BKHRXWP3ODLW1NT3"	"2H51X3V0FK0C7D8JA6D7VKKFXL3FMT"	"ADKDC0IXTYCIJ"	"Approved"	"Thu Feb 20 09:57:46 PST 2014"	"Wed Feb 19 17:16:24 PST 2014"	"Wed Feb 19 17:17:46 PST 2014"	"Wed Feb 19 21:25:17 PST 2014"	""	""	""	""	"""friend"""	"""glasses"""	"""mustache"""	"""hat"""	"""right"""	"""middle"""	"0"	"-1"	"0"	"1"	"1"	"0"	"0"	"""2"""	"""1"""	"""TRUE"""	"""twin"""	"""FALSE"""	"-1"	"-1"	"-1"	"-1"	"-1"	"-1"	"""Friends"""	"""no"""	"""43"""	"""female"""	"6"	"0"
"267SI2KYEPLS80BKHRXWP3ODLW1NT3"	"2J9TP9RA7S5W5UC9UXFFD0JMH00XSU"	"What is he talking about? (1-2 mins)"	"Short and fun! A 1-2 minute word game about what someone is talking about."	"experiment, psychology, game"	"$0.20"	"Wed Feb 19 13:37:56 PST 2014"	"50"	"0"	"0"	"50"	"Reviewable"	"NotReviewed"	"1 scales"	"600"	"60000"	"Wed Feb 26 13:37:56 PST 2014"	"https://requester.mturk.com/mturk/manageHIT?HITId=267SI2KYEPLS80BKHRXWP3ODLW1NT3"	"2UMDD8XMB3Q3SS6B2ZKOCT4K7M1FQH"	"A37AMANTOKWVWA"	"Approved"	"Thu Feb 20 09:59:45 PST 2014"	"Wed Feb 19 17:18:42 PST 2014"	"Wed Feb 19 17:19:45 PST 2014"	"Wed Feb 19 21:25:17 PST 2014"	""	""	""	""	"""Christmas tree"""	"""star"""	"""ornaments"""	"""lights"""	"""middle"""	"""right"""	"0"	"-1"	"0"	"1"	"1"	"0"	"0"	"""2"""	"""1"""	"""TRUE"""	"""twin"""	"""FALSE"""	"-1"	"-1"	"-1"	"-1"	"-1"	"-1"	"""How we determine the referent of a word."""	"""No"""	"""25"""	"""f"""	"6"	"0"
"267SI2KYEPLS80BKHRXWP3ODLW1NT3"	"2J9TP9RA7S5W5UC9UXFFD0JMH00XSU"	"What is he talking about? (1-2 mins)"	"Short and fun! A 1-2 minute word game about what someone is talking about."	"experiment, psychology, game"	"$0.20"	"Wed Feb 19 13:37:56 PST 2014"	"50"	"0"	"0"	"50"	"Reviewable"	"NotReviewed"	"1 scales"	"600"	"60000"	"Wed Feb 26 13:37:56 PST 2014"	"https://requester.mturk.com/mturk/manageHIT?HITId=267SI2KYEPLS80BKHRXWP3ODLW1NT3"	"2WGFXRDS4IC1XRJNTO6M71A8UP9YVU"	"A2P9QNT6S7FU8E"	"Approved"	"Thu Feb 20 10:06:38 PST 2014"	"Wed Feb 19 17:24:24 PST 2014"	"Wed Feb 19 17:26:38 PST 2014"	"Wed Feb 19 21:25:17 PST 2014"	""	""	""	""	"""boat"""	"""sail"""	"""cabin"""	"""motor"""	"""right"""	"""middle"""	"0"	"-1"	"0"	"1"	"1"	"0"	"0"	"""3"""	"""1"""	"""TRUE"""	"""single"""	"""FALSE"""	"-1"	"-1"	"-1"	"-1"	"-1"	"-1"	"""Meeting Bob and trying to figure out what he meant based on the one word he said."""	"""What is the correct answer?"""	"""45"""	"""f"""	"7"	"0"
"267SI2KYEPLS80BKHRXWP3ODLW1NT3"	"2J9TP9RA7S5W5UC9UXFFD0JMH00XSU"	"What is he talking about? (1-2 mins)"	"Short and fun! A 1-2 minute word game about what someone is talking about."	"experiment, psychology, game"	"$0.20"	"Wed Feb 19 13:37:56 PST 2014"	"50"	"0"	"0"	"50"	"Reviewable"	"NotReviewed"	"1 scales"	"600"	"60000"	"Wed Feb 26 13:37:56 PST 2014"	"https://requester.mturk.com/mturk/manageHIT?HITId=267SI2KYEPLS80BKHRXWP3ODLW1NT3"	"2P5EY5COW0LGAS988W6LI6VT6TAW5P"	"A37LY5UTJV2KYZ"	"Approved"	"Thu Feb 20 10:11:26 PST 2014"	"Wed Feb 19 17:30:36 PST 2014"	"Wed Feb 19 17:31:26 PST 2014"	"Wed Feb 19 21:25:17 PST 2014"	""	""	""	""	"""sundae"""	"""cherry"""	"""chocolate"""	"""whipped cream"""	"""right"""	"""middle"""	"0"	"-1"	"0"	"1"	"1"	"0"	"0"	"""2"""	"""1"""	"""TRUE"""	"""twin"""	"""FALSE"""	"-1"	"-1"	"-1"	"-1"	"-1"	"-1"	"""ice cream?"""	"""n/a"""	"""22"""	"""m"""	"6"	"0"
"267SI2KYEPLS80BKHRXWP3ODLW1NT3"	"2J9TP9RA7S5W5UC9UXFFD0JMH00XSU"	"What is he talking about? (1-2 mins)"	"Short and fun! A 1-2 minute word game about what someone is talking about."	"experiment, psychology, game"	"$0.20"	"Wed Feb 19 13:37:56 PST 2014"	"50"	"0"	"0"	"50"	"Reviewable"	"NotReviewed"	"1 scales"	"600"	"60000"	"Wed Feb 26 13:37:56 PST 2014"	"https://requester.mturk.com/mturk/manageHIT?HITId=267SI2KYEPLS80BKHRXWP3ODLW1NT3"	"29YR70G5R98DRC9VACNSYTN4OAPBRA"	"A2XA0RGG8EXK2T"	"Approved"	"Thu Feb 20 10:32:23 PST 2014"	"Wed Feb 19 17:51:14 PST 2014"	"Wed Feb 19 17:52:23 PST 2014"	"Wed Feb 19 21:25:17 PST 2014"	""	""	""	""	"""Christmas tree"""	"""ornaments"""	"""star"""	"""lights"""	"""right"""	"""left"""	"0"	"-1"	"0"	"1"	"1"	"0"	"0"	"""1"""	"""1"""	"""TRUE"""	"""single"""	"""FALSE"""	"-1"	"-1"	"-1"	"-1"	"-1"	"-1"	"""Christmas Trees"""	""""""	"""28"""	"""F"""	"7"	"0"
"267SI2KYEPLS80BKHRXWP3ODLW1NT3"	"2J9TP9RA7S5W5UC9UXFFD0JMH00XSU"	"What is he talking about? (1-2 mins)"	"Short and fun! A 1-2 minute word game about what someone is talking about."	"experiment, psychology, game"	"$0.20"	"Wed Feb 19 13:37:56 PST 2014"	"50"	"0"	"0"	"50"	"Reviewable"	"NotReviewed"	"1 scales"	"600"	"60000"	"Wed Feb 26 13:37:56 PST 2014"	"https://requester.mturk.com/mturk/manageHIT?HITId=267SI2KYEPLS80BKHRXWP3ODLW1NT3"	"2M4F0CP5KXPT1GOIT374VM7TA05XYK"	"A1CX68XPL7LDGK"	"Approved"	"Thu Feb 20 11:21:41 PST 2014"	"Wed Feb 19 18:40:47 PST 2014"	"Wed Feb 19 18:41:41 PST 2014"	"Wed Feb 19 21:25:18 PST 2014"	""	""	""	""	"""boat"""	"""cabin"""	"""sail"""	"""motor"""	"""left"""	"""right"""	"0"	"-1"	"0"	"1"	"1"	"0"	"0"	"""2"""	"""1"""	"""TRUE"""	"""twin"""	"""FALSE"""	"-1"	"-1"	"-1"	"-1"	"-1"	"-1"	"""Bob and boating"""	""""""	"""34"""	"""F"""	"6"	"0"
