"hitid"	"hittypeid"	"title"	"description"	"keywords"	"reward"	"creationtime"	"assignments"	"numavailable"	"numpending"	"numcomplete"	"hitstatus"	"reviewstatus"	"annotation"	"assignmentduration"	"autoapprovaldelay"	"hitlifetime"	"viewhit"	"assignmentid"	"workerid"	"assignmentstatus"	"autoapprovaltime"	"assignmentaccepttime"	"assignmentsubmittime"	"assignmentapprovaltime"	"assignmentrejecttime"	"deadline"	"feedback"	"reject"	"Answer.target_property"	"Answer.familiarization_cond"	"Answer.money_allocated_to_logical"	"Answer.Likert_value_target"	"Answer.participant_response_type_condition"	"Answer.comment"	"Answer.linguistic_framing_condition"	"Answer.manip_check_dist"	"Answer.item"	"Answer.Likert_value_logical"	"Answer.question_type_condition"	"Answer.choice"	"Answer.money_allocated_to_target"	"Answer.target_frequency"	"Answer.about"	"Answer.familiarization_present_in_study"	"Answer.manip_check_target"	"Answer.participant_feature_count_condition"	"Answer.target_filler_sequence_condition"	"Answer.target_position"	"Answer.name_check_correct"	"Answer.Likert_value_foil"	"Answer.choice_correct"	"Answer.money_allocated_to_foil"
"2BFFCD45XCET66YNPP9N9TGRZDJZX4"	"2J9TP9RA7S5W5UC9UXFFD0JMH00XSU"	"What is he talking about? (1-2 mins)"	"Short and fun! A 1-2 minute word game about what someone is talking about."	"experiment, psychology, game"	"$0.20"	"Mon Dec 09 00:29:57 PST 2013"	"50"	"0"	"0"	"50"	"Reviewable"	"NotReviewed"	"1 scales"	"600"	"60000"	"Mon Dec 16 00:29:57 PST 2013"	"https://requester.mturk.com/mturk/manageHIT?HITId=2BFFCD45XCET66YNPP9N9TGRZDJZX4"	"2IEQU6L5OBVC1UXXT91IPF7LPKYYFE"	"A1E3S8JFP08N1G"	"Approved"	"Mon Dec 09 17:13:25 PST 2013"	"Mon Dec 09 00:32:33 PST 2013"	"Mon Dec 09 00:33:25 PST 2013"	"Mon Dec 09 00:41:32 PST 2013"	""	""	""	""	"""whipped cream"""	"-1"	"-1"	"7"	"2"	""""""	"1"	"""1"""	"""sundae"""	"6"	"0"	"""null"""	"-1"	"0"	"""Figuring out what someone is talking about with just one word"""	"0"	"""2"""	"1"	"0"	"""right"""	"""TRUE"""	"1"	"""FALSE"""	"-1"
"2BFFCD45XCET66YNPP9N9TGRZDJZX4"	"2J9TP9RA7S5W5UC9UXFFD0JMH00XSU"	"What is he talking about? (1-2 mins)"	"Short and fun! A 1-2 minute word game about what someone is talking about."	"experiment, psychology, game"	"$0.20"	"Mon Dec 09 00:29:57 PST 2013"	"50"	"0"	"0"	"50"	"Reviewable"	"NotReviewed"	"1 scales"	"600"	"60000"	"Mon Dec 16 00:29:57 PST 2013"	"https://requester.mturk.com/mturk/manageHIT?HITId=2BFFCD45XCET66YNPP9N9TGRZDJZX4"	"23Q24E6AUBXHFLN7BQ091BZ18A9W09"	"AP7T3VZ8N693A"	"Approved"	"Mon Dec 09 17:13:36 PST 2013"	"Mon Dec 09 00:32:22 PST 2013"	"Mon Dec 09 00:33:36 PST 2013"	"Mon Dec 09 00:41:31 PST 2013"	""	""	""	""	"""chocolate"""	"-1"	"-1"	"7"	"2"	""""""	"1"	"""1"""	"""sundae"""	"1"	"0"	"""null"""	"-1"	"0"	"""Confidence about my choice of sundae based on what Bob said."""	"0"	"""2"""	"1"	"0"	"""right"""	"""TRUE"""	"1"	"""FALSE"""	"-1"
"2BFFCD45XCET66YNPP9N9TGRZDJZX4"	"2J9TP9RA7S5W5UC9UXFFD0JMH00XSU"	"What is he talking about? (1-2 mins)"	"Short and fun! A 1-2 minute word game about what someone is talking about."	"experiment, psychology, game"	"$0.20"	"Mon Dec 09 00:29:57 PST 2013"	"50"	"0"	"0"	"50"	"Reviewable"	"NotReviewed"	"1 scales"	"600"	"60000"	"Mon Dec 16 00:29:57 PST 2013"	"https://requester.mturk.com/mturk/manageHIT?HITId=2BFFCD45XCET66YNPP9N9TGRZDJZX4"	"2DQOCCF0CP5KGIZIJN9X4G4UHQBVU1"	"AZFMP1J0ZLX7J"	"Approved"	"Mon Dec 09 17:13:49 PST 2013"	"Mon Dec 09 00:32:08 PST 2013"	"Mon Dec 09 00:33:49 PST 2013"	"Mon Dec 09 00:41:32 PST 2013"	""	""	""	""	"""cherry"""	"-1"	"-1"	"3"	"2"	""""""	"1"	"""1"""	"""sundae"""	"3"	"0"	"""null"""	"-1"	"0"	"""Bob communicating with 1 word."""	"0"	"""2"""	"1"	"0"	"""middle"""	"""TRUE"""	"6"	"""FALSE"""	"-1"
"2BFFCD45XCET66YNPP9N9TGRZDJZX4"	"2J9TP9RA7S5W5UC9UXFFD0JMH00XSU"	"What is he talking about? (1-2 mins)"	"Short and fun! A 1-2 minute word game about what someone is talking about."	"experiment, psychology, game"	"$0.20"	"Mon Dec 09 00:29:57 PST 2013"	"50"	"0"	"0"	"50"	"Reviewable"	"NotReviewed"	"1 scales"	"600"	"60000"	"Mon Dec 16 00:29:57 PST 2013"	"https://requester.mturk.com/mturk/manageHIT?HITId=2BFFCD45XCET66YNPP9N9TGRZDJZX4"	"2J0D8J3VE7WSBMTY8LUMIK8FOLKJZU"	"A2VY8RAHNDXNUZ"	"Approved"	"Mon Dec 09 17:14:46 PST 2013"	"Mon Dec 09 00:33:19 PST 2013"	"Mon Dec 09 00:34:46 PST 2013"	"Mon Dec 09 00:41:31 PST 2013"	""	""	""	""	"""chocolate"""	"-1"	"-1"	"6"	"2"	"""Thank You. """	"1"	"""1"""	"""sundae"""	"3"	"0"	"""null"""	"-1"	"0"	"""Communication perception"""	"0"	"""2"""	"1"	"0"	"""middle"""	"""TRUE"""	"1"	"""FALSE"""	"-1"
"2BFFCD45XCET66YNPP9N9TGRZDJZX4"	"2J9TP9RA7S5W5UC9UXFFD0JMH00XSU"	"What is he talking about? (1-2 mins)"	"Short and fun! A 1-2 minute word game about what someone is talking about."	"experiment, psychology, game"	"$0.20"	"Mon Dec 09 00:29:57 PST 2013"	"50"	"0"	"0"	"50"	"Reviewable"	"NotReviewed"	"1 scales"	"600"	"60000"	"Mon Dec 16 00:29:57 PST 2013"	"https://requester.mturk.com/mturk/manageHIT?HITId=2BFFCD45XCET66YNPP9N9TGRZDJZX4"	"28ZQEOZFYQS1VLZMKKORJS4N7K3KH4"	"A2H5FQFR4C014A"	"Approved"	"Mon Dec 09 17:15:41 PST 2013"	"Mon Dec 09 00:34:59 PST 2013"	"Mon Dec 09 00:35:41 PST 2013"	"Mon Dec 09 00:41:31 PST 2013"	""	""	""	""	"""chocolate"""	"-1"	"-1"	"3"	"2"	""""""	"1"	"""1"""	"""sundae"""	"4"	"0"	"""null"""	"-1"	"0"	"""Making judgment calls"""	"0"	"""2"""	"1"	"0"	"""right"""	"""TRUE"""	"7"	"""FALSE"""	"-1"
"2BFFCD45XCET66YNPP9N9TGRZDJZX4"	"2J9TP9RA7S5W5UC9UXFFD0JMH00XSU"	"What is he talking about? (1-2 mins)"	"Short and fun! A 1-2 minute word game about what someone is talking about."	"experiment, psychology, game"	"$0.20"	"Mon Dec 09 00:29:57 PST 2013"	"50"	"0"	"0"	"50"	"Reviewable"	"NotReviewed"	"1 scales"	"600"	"60000"	"Mon Dec 16 00:29:57 PST 2013"	"https://requester.mturk.com/mturk/manageHIT?HITId=2BFFCD45XCET66YNPP9N9TGRZDJZX4"	"209M8JIA0RYN228NFPD0BBMOOD705Y"	"A20CGE508BF5IE"	"Approved"	"Mon Dec 09 17:15:42 PST 2013"	"Mon Dec 09 00:34:48 PST 2013"	"Mon Dec 09 00:35:42 PST 2013"	"Mon Dec 09 00:41:31 PST 2013"	""	""	""	""	"""chocolate"""	"-1"	"-1"	"5"	"2"	"""no"""	"1"	"""1"""	"""sundae"""	"5"	"0"	"""null"""	"-1"	"0"	"""I have no idea"""	"0"	"""2"""	"1"	"0"	"""middle"""	"""TRUE"""	"1"	"""FALSE"""	"-1"
"2BFFCD45XCET66YNPP9N9TGRZDJZX4"	"2J9TP9RA7S5W5UC9UXFFD0JMH00XSU"	"What is he talking about? (1-2 mins)"	"Short and fun! A 1-2 minute word game about what someone is talking about."	"experiment, psychology, game"	"$0.20"	"Mon Dec 09 00:29:57 PST 2013"	"50"	"0"	"0"	"50"	"Reviewable"	"NotReviewed"	"1 scales"	"600"	"60000"	"Mon Dec 16 00:29:57 PST 2013"	"https://requester.mturk.com/mturk/manageHIT?HITId=2BFFCD45XCET66YNPP9N9TGRZDJZX4"	"21A8IUB2YU982AYTHGUL6FBO41E8KE"	"AU5Y7J1PF0UIT"	"Approved"	"Mon Dec 09 17:18:56 PST 2013"	"Mon Dec 09 00:37:51 PST 2013"	"Mon Dec 09 00:38:56 PST 2013"	"Mon Dec 09 00:41:32 PST 2013"	""	""	""	""	"""cherry"""	"-1"	"-1"	"6"	"2"	""""""	"1"	"""1"""	"""sundae"""	"6"	"0"	"""null"""	"-1"	"0"	"""cherries on top of sundaes"""	"0"	"""2"""	"1"	"0"	"""right"""	"""TRUE"""	"4"	"""FALSE"""	"-1"
"2BFFCD45XCET66YNPP9N9TGRZDJZX4"	"2J9TP9RA7S5W5UC9UXFFD0JMH00XSU"	"What is he talking about? (1-2 mins)"	"Short and fun! A 1-2 minute word game about what someone is talking about."	"experiment, psychology, game"	"$0.20"	"Mon Dec 09 00:29:57 PST 2013"	"50"	"0"	"0"	"50"	"Reviewable"	"NotReviewed"	"1 scales"	"600"	"60000"	"Mon Dec 16 00:29:57 PST 2013"	"https://requester.mturk.com/mturk/manageHIT?HITId=2BFFCD45XCET66YNPP9N9TGRZDJZX4"	"2CWSMEZZ2MIK5GFU4U0Y98T1RG8M5V"	"A2QH1BQA6GR48O"	"Approved"	"Mon Dec 09 17:19:04 PST 2013"	"Mon Dec 09 00:37:55 PST 2013"	"Mon Dec 09 00:39:04 PST 2013"	"Mon Dec 09 00:41:32 PST 2013"	""	""	""	""	"""whipped cream"""	"-1"	"-1"	"4"	"2"	""""""	"1"	"""1"""	"""sundae"""	"4"	"0"	"""null"""	"-1"	"0"	"""Trying to figure out which sundae Bob wanted. """	"0"	"""2"""	"1"	"0"	"""left"""	"""TRUE"""	"1"	"""FALSE"""	"-1"
"2BFFCD45XCET66YNPP9N9TGRZDJZX4"	"2J9TP9RA7S5W5UC9UXFFD0JMH00XSU"	"What is he talking about? (1-2 mins)"	"Short and fun! A 1-2 minute word game about what someone is talking about."	"experiment, psychology, game"	"$0.20"	"Mon Dec 09 00:29:57 PST 2013"	"50"	"0"	"0"	"50"	"Reviewable"	"NotReviewed"	"1 scales"	"600"	"60000"	"Mon Dec 16 00:29:57 PST 2013"	"https://requester.mturk.com/mturk/manageHIT?HITId=2BFFCD45XCET66YNPP9N9TGRZDJZX4"	"2AGNNVRH1KHOS7MR7CXN19LPRQMYPI"	"A3EJ44J2ZNRMDA"	"Approved"	"Mon Dec 09 17:19:58 PST 2013"	"Mon Dec 09 00:38:40 PST 2013"	"Mon Dec 09 00:39:58 PST 2013"	"Mon Dec 09 00:41:32 PST 2013"	""	""	""	""	"""chocolate"""	"-1"	"-1"	"7"	"2"	"""no"""	"1"	"""1"""	"""sundae"""	"5"	"0"	"""null"""	"-1"	"0"	"""sundaes and wht they have on them """	"0"	"""2"""	"1"	"0"	"""middle"""	"""TRUE"""	"1"	"""FALSE"""	"-1"
"2BFFCD45XCET66YNPP9N9TGRZDJZX4"	"2J9TP9RA7S5W5UC9UXFFD0JMH00XSU"	"What is he talking about? (1-2 mins)"	"Short and fun! A 1-2 minute word game about what someone is talking about."	"experiment, psychology, game"	"$0.20"	"Mon Dec 09 00:29:57 PST 2013"	"50"	"0"	"0"	"50"	"Reviewable"	"NotReviewed"	"1 scales"	"600"	"60000"	"Mon Dec 16 00:29:57 PST 2013"	"https://requester.mturk.com/mturk/manageHIT?HITId=2BFFCD45XCET66YNPP9N9TGRZDJZX4"	"2JM8P9Y38TWWGB9SQ39M6JTFB6WZIZ"	"A22MGJB7L33ISJ"	"Approved"	"Mon Dec 09 17:20:46 PST 2013"	"Mon Dec 09 00:38:20 PST 2013"	"Mon Dec 09 00:40:46 PST 2013"	"Mon Dec 09 00:49:10 PST 2013"	""	""	""	""	"""chocolate"""	"-1"	"-1"	"7"	"2"	""""""	"1"	"""1"""	"""sundae"""	"7"	"0"	"""null"""	"-1"	"0"	"""which sundaes had chocoloate, level of confidence"""	"0"	"""2"""	"1"	"0"	"""right"""	"""TRUE"""	"1"	"""FALSE"""	"-1"
"2BFFCD45XCET66YNPP9N9TGRZDJZX4"	"2J9TP9RA7S5W5UC9UXFFD0JMH00XSU"	"What is he talking about? (1-2 mins)"	"Short and fun! A 1-2 minute word game about what someone is talking about."	"experiment, psychology, game"	"$0.20"	"Mon Dec 09 00:29:57 PST 2013"	"50"	"0"	"0"	"50"	"Reviewable"	"NotReviewed"	"1 scales"	"600"	"60000"	"Mon Dec 16 00:29:57 PST 2013"	"https://requester.mturk.com/mturk/manageHIT?HITId=2BFFCD45XCET66YNPP9N9TGRZDJZX4"	"2E1F9SSSHX112HTSPA85L8J9J8RVZR"	"A26EDNC5NDIJ3E"	"Approved"	"Mon Dec 09 17:21:11 PST 2013"	"Mon Dec 09 00:39:48 PST 2013"	"Mon Dec 09 00:41:11 PST 2013"	"Mon Dec 09 00:48:19 PST 2013"	""	""	""	""	"""whipped cream"""	"-1"	"-1"	"5"	"2"	"""ok"""	"1"	"""1"""	"""sundae"""	"5"	"0"	"""null"""	"-1"	"0"	"""process products decision"""	"0"	"""2"""	"1"	"0"	"""left"""	"""TRUE"""	"6"	"""FALSE"""	"-1"
"2BFFCD45XCET66YNPP9N9TGRZDJZX4"	"2J9TP9RA7S5W5UC9UXFFD0JMH00XSU"	"What is he talking about? (1-2 mins)"	"Short and fun! A 1-2 minute word game about what someone is talking about."	"experiment, psychology, game"	"$0.20"	"Mon Dec 09 00:29:57 PST 2013"	"50"	"0"	"0"	"50"	"Reviewable"	"NotReviewed"	"1 scales"	"600"	"60000"	"Mon Dec 16 00:29:57 PST 2013"	"https://requester.mturk.com/mturk/manageHIT?HITId=2BFFCD45XCET66YNPP9N9TGRZDJZX4"	"2X5WIOV1S7SNM6ZGQ6UYJZ8S3ALZKA"	"A1HDRB3VB48WJ8"	"Approved"	"Mon Dec 09 17:21:32 PST 2013"	"Mon Dec 09 00:39:09 PST 2013"	"Mon Dec 09 00:41:32 PST 2013"	"Mon Dec 09 00:49:10 PST 2013"	""	""	""	""	"""cherry"""	"-1"	"-1"	"7"	"2"	""""""	"1"	"""1"""	"""sundae"""	"7"	"0"	"""null"""	"-1"	"0"	"""Confidence"""	"0"	"""2"""	"1"	"0"	"""left"""	"""TRUE"""	"1"	"""FALSE"""	"-1"
"2BFFCD45XCET66YNPP9N9TGRZDJZX4"	"2J9TP9RA7S5W5UC9UXFFD0JMH00XSU"	"What is he talking about? (1-2 mins)"	"Short and fun! A 1-2 minute word game about what someone is talking about."	"experiment, psychology, game"	"$0.20"	"Mon Dec 09 00:29:57 PST 2013"	"50"	"0"	"0"	"50"	"Reviewable"	"NotReviewed"	"1 scales"	"600"	"60000"	"Mon Dec 16 00:29:57 PST 2013"	"https://requester.mturk.com/mturk/manageHIT?HITId=2BFFCD45XCET66YNPP9N9TGRZDJZX4"	"2EAXKO2L92HEVPG6T8POICF578VEFH"	"A2IF15HGGVM93B"	"Approved"	"Mon Dec 09 17:21:32 PST 2013"	"Mon Dec 09 00:39:37 PST 2013"	"Mon Dec 09 00:41:32 PST 2013"	"Mon Dec 09 00:49:09 PST 2013"	""	""	""	""	"""cherry"""	"-1"	"-1"	"4"	"2"	"""none"""	"1"	"""1"""	"""sundae"""	"3"	"0"	"""null"""	"-1"	"0"	"""bob and his ice cream"""	"0"	"""2"""	"1"	"0"	"""left"""	"""TRUE"""	"6"	"""FALSE"""	"-1"
"2BFFCD45XCET66YNPP9N9TGRZDJZX4"	"2J9TP9RA7S5W5UC9UXFFD0JMH00XSU"	"What is he talking about? (1-2 mins)"	"Short and fun! A 1-2 minute word game about what someone is talking about."	"experiment, psychology, game"	"$0.20"	"Mon Dec 09 00:29:57 PST 2013"	"50"	"0"	"0"	"50"	"Reviewable"	"NotReviewed"	"1 scales"	"600"	"60000"	"Mon Dec 16 00:29:57 PST 2013"	"https://requester.mturk.com/mturk/manageHIT?HITId=2BFFCD45XCET66YNPP9N9TGRZDJZX4"	"29UMIKMN9U8PSR98P1NXO3SZT1CSBE"	"A1LZWU72K42V92"	"Approved"	"Mon Dec 09 17:22:01 PST 2013"	"Mon Dec 09 00:40:31 PST 2013"	"Mon Dec 09 00:42:01 PST 2013"	"Mon Dec 09 00:49:10 PST 2013"	""	""	""	""	"""cherry"""	"-1"	"-1"	"6"	"2"	"""thank you"""	"1"	"""1"""	"""sundae"""	"6"	"0"	"""null"""	"-1"	"0"	"""preferences"""	"0"	"""2"""	"1"	"0"	"""middle"""	"""TRUE"""	"1"	"""FALSE"""	"-1"
"2BFFCD45XCET66YNPP9N9TGRZDJZX4"	"2J9TP9RA7S5W5UC9UXFFD0JMH00XSU"	"What is he talking about? (1-2 mins)"	"Short and fun! A 1-2 minute word game about what someone is talking about."	"experiment, psychology, game"	"$0.20"	"Mon Dec 09 00:29:57 PST 2013"	"50"	"0"	"0"	"50"	"Reviewable"	"NotReviewed"	"1 scales"	"600"	"60000"	"Mon Dec 16 00:29:57 PST 2013"	"https://requester.mturk.com/mturk/manageHIT?HITId=2BFFCD45XCET66YNPP9N9TGRZDJZX4"	"27VV0FK0COK2277M3UBKFLR117PPI4"	"A1UTBDKOQ2MKUD"	"Approved"	"Mon Dec 09 17:22:03 PST 2013"	"Mon Dec 09 00:41:10 PST 2013"	"Mon Dec 09 00:42:03 PST 2013"	"Mon Dec 09 00:49:09 PST 2013"	""	""	""	""	"""whipped cream"""	"-1"	"-1"	"7"	"2"	""""""	"1"	"""1"""	"""sundae"""	"7"	"0"	"""null"""	"-1"	"0"	"""Language and Cognition"""	"0"	"""2"""	"1"	"0"	"""left"""	"""TRUE"""	"1"	"""FALSE"""	"-1"
"2BFFCD45XCET66YNPP9N9TGRZDJZX4"	"2J9TP9RA7S5W5UC9UXFFD0JMH00XSU"	"What is he talking about? (1-2 mins)"	"Short and fun! A 1-2 minute word game about what someone is talking about."	"experiment, psychology, game"	"$0.20"	"Mon Dec 09 00:29:57 PST 2013"	"50"	"0"	"0"	"50"	"Reviewable"	"NotReviewed"	"1 scales"	"600"	"60000"	"Mon Dec 16 00:29:57 PST 2013"	"https://requester.mturk.com/mturk/manageHIT?HITId=2BFFCD45XCET66YNPP9N9TGRZDJZX4"	"2YNR14IXKO2LSVNE811633YT7V6AB1"	"A3DKCN0XUVGJ1H"	"Approved"	"Mon Dec 09 17:22:33 PST 2013"	"Mon Dec 09 00:40:45 PST 2013"	"Mon Dec 09 00:42:33 PST 2013"	"Mon Dec 09 00:49:09 PST 2013"	""	""	""	""	"""chocolate"""	"-1"	"-1"	"7"	"2"	""""""	"1"	"""1"""	"""sundae"""	"6"	"0"	"""null"""	"-1"	"0"	"""Bob likes to eat sundaes and every friday he makes one"""	"0"	"""2"""	"1"	"0"	"""right"""	"""TRUE"""	"1"	"""FALSE"""	"-1"
"2BFFCD45XCET66YNPP9N9TGRZDJZX4"	"2J9TP9RA7S5W5UC9UXFFD0JMH00XSU"	"What is he talking about? (1-2 mins)"	"Short and fun! A 1-2 minute word game about what someone is talking about."	"experiment, psychology, game"	"$0.20"	"Mon Dec 09 00:29:57 PST 2013"	"50"	"0"	"0"	"50"	"Reviewable"	"NotReviewed"	"1 scales"	"600"	"60000"	"Mon Dec 16 00:29:57 PST 2013"	"https://requester.mturk.com/mturk/manageHIT?HITId=2BFFCD45XCET66YNPP9N9TGRZDJZX4"	"2OGZFYQS1CST5HLXNIJ4OC1JTWDNKH"	"A1AZAC9CPBEP6K"	"Approved"	"Mon Dec 09 17:25:22 PST 2013"	"Mon Dec 09 00:43:01 PST 2013"	"Mon Dec 09 00:45:22 PST 2013"	"Mon Dec 09 00:49:09 PST 2013"	""	""	""	""	"""chocolate"""	"-1"	"-1"	"6"	"2"	"""No."""	"1"	"""1"""	"""sundae"""	"7"	"0"	"""null"""	"-1"	"0"	"""Bob eating sundaes. """	"0"	"""2"""	"1"	"0"	"""left"""	"""TRUE"""	"1"	"""FALSE"""	"-1"
"2BFFCD45XCET66YNPP9N9TGRZDJZX4"	"2J9TP9RA7S5W5UC9UXFFD0JMH00XSU"	"What is he talking about? (1-2 mins)"	"Short and fun! A 1-2 minute word game about what someone is talking about."	"experiment, psychology, game"	"$0.20"	"Mon Dec 09 00:29:57 PST 2013"	"50"	"0"	"0"	"50"	"Reviewable"	"NotReviewed"	"1 scales"	"600"	"60000"	"Mon Dec 16 00:29:57 PST 2013"	"https://requester.mturk.com/mturk/manageHIT?HITId=2BFFCD45XCET66YNPP9N9TGRZDJZX4"	"20AHPCGJ2D217W25TMRJVPSNX3P4AP"	"A1PN7RRABMIG28"	"Approved"	"Mon Dec 09 17:25:33 PST 2013"	"Mon Dec 09 00:44:36 PST 2013"	"Mon Dec 09 00:45:33 PST 2013"	"Mon Dec 09 00:49:09 PST 2013"	""	""	""	""	"""chocolate"""	"-1"	"-1"	"5"	"2"	"""Nice Survey Thanks!"""	"1"	"""1"""	"""sundae"""	"6"	"0"	"""null"""	"-1"	"0"	"""Sundaes."""	"0"	"""2"""	"1"	"0"	"""left"""	"""TRUE"""	"2"	"""FALSE"""	"-1"
"2BFFCD45XCET66YNPP9N9TGRZDJZX4"	"2J9TP9RA7S5W5UC9UXFFD0JMH00XSU"	"What is he talking about? (1-2 mins)"	"Short and fun! A 1-2 minute word game about what someone is talking about."	"experiment, psychology, game"	"$0.20"	"Mon Dec 09 00:29:57 PST 2013"	"50"	"0"	"0"	"50"	"Reviewable"	"NotReviewed"	"1 scales"	"600"	"60000"	"Mon Dec 16 00:29:57 PST 2013"	"https://requester.mturk.com/mturk/manageHIT?HITId=2BFFCD45XCET66YNPP9N9TGRZDJZX4"	"2E3LYHVI44OSLDRU4IEE5SBFKO23X7"	"ACQ1B7MAA7NCV"	"Approved"	"Mon Dec 09 17:26:04 PST 2013"	"Mon Dec 09 00:42:59 PST 2013"	"Mon Dec 09 00:46:04 PST 2013"	"Mon Dec 09 00:49:09 PST 2013"	""	""	""	""	"""chocolate"""	"-1"	"-1"	"7"	"2"	"""no"""	"1"	"""1"""	"""sundae"""	"4"	"0"	"""null"""	"-1"	"0"	"""Deciding which sundae Bob was talking about based on just one word \""chocolate\"""""	"0"	"""2"""	"1"	"0"	"""left"""	"""TRUE"""	"2"	"""FALSE"""	"-1"
"2BFFCD45XCET66YNPP9N9TGRZDJZX4"	"2J9TP9RA7S5W5UC9UXFFD0JMH00XSU"	"What is he talking about? (1-2 mins)"	"Short and fun! A 1-2 minute word game about what someone is talking about."	"experiment, psychology, game"	"$0.20"	"Mon Dec 09 00:29:57 PST 2013"	"50"	"0"	"0"	"50"	"Reviewable"	"NotReviewed"	"1 scales"	"600"	"60000"	"Mon Dec 16 00:29:57 PST 2013"	"https://requester.mturk.com/mturk/manageHIT?HITId=2BFFCD45XCET66YNPP9N9TGRZDJZX4"	"2C2C9KSSZVXXLJA5QZBQUYGSDFRL32"	"A15781PHGW377Y"	"Approved"	"Mon Dec 09 17:29:20 PST 2013"	"Mon Dec 09 00:43:16 PST 2013"	"Mon Dec 09 00:49:20 PST 2013"	"Mon Dec 09 02:12:03 PST 2013"	""	""	""	""	"""chocolate"""	"-1"	"-1"	"6"	"2"	"""bob likes cherries I hope joe does too in the event I confused the two. """	"1"	"""1"""	"""sundae"""	"6"	"0"	"""null"""	"-1"	"0"	"""words used to refer"""	"0"	"""2"""	"1"	"0"	"""left"""	"""TRUE"""	"2"	"""FALSE"""	"-1"
"2BFFCD45XCET66YNPP9N9TGRZDJZX4"	"2J9TP9RA7S5W5UC9UXFFD0JMH00XSU"	"What is he talking about? (1-2 mins)"	"Short and fun! A 1-2 minute word game about what someone is talking about."	"experiment, psychology, game"	"$0.20"	"Mon Dec 09 00:29:57 PST 2013"	"50"	"0"	"0"	"50"	"Reviewable"	"NotReviewed"	"1 scales"	"600"	"60000"	"Mon Dec 16 00:29:57 PST 2013"	"https://requester.mturk.com/mturk/manageHIT?HITId=2BFFCD45XCET66YNPP9N9TGRZDJZX4"	"2GPBAT2D5NQY6YL3M5AGBTYRIVO37D"	"A2GNS8YQ7S233F"	"Approved"	"Mon Dec 09 17:30:23 PST 2013"	"Mon Dec 09 00:49:32 PST 2013"	"Mon Dec 09 00:50:23 PST 2013"	"Mon Dec 09 02:12:03 PST 2013"	""	""	""	""	"""whipped cream"""	"-1"	"-1"	"6"	"2"	""""""	"1"	"""1"""	"""sundae"""	"4"	"0"	"""null"""	"-1"	"0"	"""To judge how someone's words identify several similar items"""	"0"	"""2"""	"1"	"0"	"""left"""	"""TRUE"""	"1"	"""FALSE"""	"-1"
"2BFFCD45XCET66YNPP9N9TGRZDJZX4"	"2J9TP9RA7S5W5UC9UXFFD0JMH00XSU"	"What is he talking about? (1-2 mins)"	"Short and fun! A 1-2 minute word game about what someone is talking about."	"experiment, psychology, game"	"$0.20"	"Mon Dec 09 00:29:57 PST 2013"	"50"	"0"	"0"	"50"	"Reviewable"	"NotReviewed"	"1 scales"	"600"	"60000"	"Mon Dec 16 00:29:57 PST 2013"	"https://requester.mturk.com/mturk/manageHIT?HITId=2BFFCD45XCET66YNPP9N9TGRZDJZX4"	"24FU8LZ6R70GOKF89DA31E71NBL6MX"	"AHPOH7GFQK14J"	"Approved"	"Mon Dec 09 17:32:51 PST 2013"	"Mon Dec 09 00:51:54 PST 2013"	"Mon Dec 09 00:52:51 PST 2013"	"Mon Dec 09 02:12:05 PST 2013"	""	""	""	""	"""whipped cream"""	"-1"	"-1"	"7"	"2"	""""""	"1"	"""1"""	"""sundae"""	"7"	"0"	"""null"""	"-1"	"0"	"""ice cream sundaes with whipped cream"""	"0"	"""2"""	"1"	"0"	"""right"""	"""TRUE"""	"1"	"""FALSE"""	"-1"
"2BFFCD45XCET66YNPP9N9TGRZDJZX4"	"2J9TP9RA7S5W5UC9UXFFD0JMH00XSU"	"What is he talking about? (1-2 mins)"	"Short and fun! A 1-2 minute word game about what someone is talking about."	"experiment, psychology, game"	"$0.20"	"Mon Dec 09 00:29:57 PST 2013"	"50"	"0"	"0"	"50"	"Reviewable"	"NotReviewed"	"1 scales"	"600"	"60000"	"Mon Dec 16 00:29:57 PST 2013"	"https://requester.mturk.com/mturk/manageHIT?HITId=2BFFCD45XCET66YNPP9N9TGRZDJZX4"	"2QEMEGOOGQSC5ZOA67JEOUUZVJHDDF"	"A1M1N6KUOB9F9S"	"Approved"	"Mon Dec 09 17:39:14 PST 2013"	"Mon Dec 09 00:56:42 PST 2013"	"Mon Dec 09 00:59:14 PST 2013"	"Mon Dec 09 02:12:05 PST 2013"	""	""	""	""	"""chocolate"""	"-1"	"-1"	"6"	"2"	""""""	"1"	"""1"""	"""sundae"""	"6"	"0"	"""null"""	"-1"	"0"	"""Which sundae Bob was referring to when he said the word chocolate."""	"0"	"""2"""	"1"	"0"	"""left"""	"""TRUE"""	"1"	"""FALSE"""	"-1"
"2BFFCD45XCET66YNPP9N9TGRZDJZX4"	"2J9TP9RA7S5W5UC9UXFFD0JMH00XSU"	"What is he talking about? (1-2 mins)"	"Short and fun! A 1-2 minute word game about what someone is talking about."	"experiment, psychology, game"	"$0.20"	"Mon Dec 09 00:29:57 PST 2013"	"50"	"0"	"0"	"50"	"Reviewable"	"NotReviewed"	"1 scales"	"600"	"60000"	"Mon Dec 16 00:29:57 PST 2013"	"https://requester.mturk.com/mturk/manageHIT?HITId=2BFFCD45XCET66YNPP9N9TGRZDJZX4"	"2IEZ9O9Z6KW4IFGZDMIRRFQ5J6G3C7"	"A3NJ2NQJCRHBP4"	"Approved"	"Mon Dec 09 17:39:18 PST 2013"	"Mon Dec 09 00:57:29 PST 2013"	"Mon Dec 09 00:59:18 PST 2013"	"Mon Dec 09 02:12:03 PST 2013"	""	""	""	""	"""whipped cream"""	"-1"	"-1"	"6"	"2"	"""I have a terrible memory"""	"1"	"""1"""	"""sundae"""	"6"	"0"	"""null"""	"-1"	"0"	"""A guessing game i suppose"""	"0"	"""2"""	"1"	"0"	"""left"""	"""FALSE"""	"2"	"""FALSE"""	"-1"
"2BFFCD45XCET66YNPP9N9TGRZDJZX4"	"2J9TP9RA7S5W5UC9UXFFD0JMH00XSU"	"What is he talking about? (1-2 mins)"	"Short and fun! A 1-2 minute word game about what someone is talking about."	"experiment, psychology, game"	"$0.20"	"Mon Dec 09 00:29:57 PST 2013"	"50"	"0"	"0"	"50"	"Reviewable"	"NotReviewed"	"1 scales"	"600"	"60000"	"Mon Dec 16 00:29:57 PST 2013"	"https://requester.mturk.com/mturk/manageHIT?HITId=2BFFCD45XCET66YNPP9N9TGRZDJZX4"	"2DQOCCF0CP5KGIZIJN9X4G4UHQGVU6"	"A3KB9EG22ENI4B"	"Approved"	"Mon Dec 09 17:49:52 PST 2013"	"Mon Dec 09 01:06:44 PST 2013"	"Mon Dec 09 01:09:52 PST 2013"	"Mon Dec 09 02:12:03 PST 2013"	""	""	""	""	"""chocolate"""	"-1"	"-1"	"6"	"2"	""""""	"1"	"""1"""	"""sundae"""	"3"	"0"	"""null"""	"-1"	"0"	"""Trying to understand which ice cream bob was referring to with the one word he said."""	"0"	"""2"""	"1"	"0"	"""middle"""	"""TRUE"""	"4"	"""FALSE"""	"-1"
"2BFFCD45XCET66YNPP9N9TGRZDJZX4"	"2J9TP9RA7S5W5UC9UXFFD0JMH00XSU"	"What is he talking about? (1-2 mins)"	"Short and fun! A 1-2 minute word game about what someone is talking about."	"experiment, psychology, game"	"$0.20"	"Mon Dec 09 00:29:57 PST 2013"	"50"	"0"	"0"	"50"	"Reviewable"	"NotReviewed"	"1 scales"	"600"	"60000"	"Mon Dec 16 00:29:57 PST 2013"	"https://requester.mturk.com/mturk/manageHIT?HITId=2BFFCD45XCET66YNPP9N9TGRZDJZX4"	"2P3NFSVGULF3SYYW2S71LS3ST6DM81"	"A26KY4Q980INWY"	"Approved"	"Mon Dec 09 17:51:26 PST 2013"	"Mon Dec 09 01:08:50 PST 2013"	"Mon Dec 09 01:11:26 PST 2013"	"Mon Dec 09 02:12:03 PST 2013"	""	""	""	""	"""chocolate"""	"-1"	"-1"	"6"	"2"	""""""	"1"	"""1"""	"""sundae"""	"4"	"0"	"""null"""	"-1"	"0"	"""What someone means when they use language"""	"0"	"""2"""	"1"	"0"	"""right"""	"""TRUE"""	"1"	"""FALSE"""	"-1"
"2BFFCD45XCET66YNPP9N9TGRZDJZX4"	"2J9TP9RA7S5W5UC9UXFFD0JMH00XSU"	"What is he talking about? (1-2 mins)"	"Short and fun! A 1-2 minute word game about what someone is talking about."	"experiment, psychology, game"	"$0.20"	"Mon Dec 09 00:29:57 PST 2013"	"50"	"0"	"0"	"50"	"Reviewable"	"NotReviewed"	"1 scales"	"600"	"60000"	"Mon Dec 16 00:29:57 PST 2013"	"https://requester.mturk.com/mturk/manageHIT?HITId=2BFFCD45XCET66YNPP9N9TGRZDJZX4"	"2M8J2D21O3W5GA6JLUJI8KYJK4N8EZ"	"AZE084MMZVEYT"	"Approved"	"Mon Dec 09 17:52:41 PST 2013"	"Mon Dec 09 01:11:56 PST 2013"	"Mon Dec 09 01:12:41 PST 2013"	"Mon Dec 09 02:12:04 PST 2013"	""	""	""	""	"""whipped cream"""	"-1"	"-1"	"6"	"2"	"""No"""	"1"	"""1"""	"""sundae"""	"6"	"0"	"""null"""	"-1"	"0"	"""Ice cream sundaes"""	"0"	"""2"""	"1"	"0"	"""right"""	"""TRUE"""	"1"	"""FALSE"""	"-1"
"2BFFCD45XCET66YNPP9N9TGRZDJZX4"	"2J9TP9RA7S5W5UC9UXFFD0JMH00XSU"	"What is he talking about? (1-2 mins)"	"Short and fun! A 1-2 minute word game about what someone is talking about."	"experiment, psychology, game"	"$0.20"	"Mon Dec 09 00:29:57 PST 2013"	"50"	"0"	"0"	"50"	"Reviewable"	"NotReviewed"	"1 scales"	"600"	"60000"	"Mon Dec 16 00:29:57 PST 2013"	"https://requester.mturk.com/mturk/manageHIT?HITId=2BFFCD45XCET66YNPP9N9TGRZDJZX4"	"2X1U8P9Y38TWFQO3OZPIS0JY5ZHHY1"	"APQU1QQ738JV9"	"Approved"	"Mon Dec 09 17:53:30 PST 2013"	"Mon Dec 09 01:12:49 PST 2013"	"Mon Dec 09 01:13:30 PST 2013"	"Mon Dec 09 02:12:02 PST 2013"	""	""	""	""	"""cherry"""	"-1"	"-1"	"7"	"2"	"""yum"""	"1"	"""1"""	"""sundae"""	"5"	"0"	"""null"""	"-1"	"0"	"""sundaes"""	"0"	"""2"""	"1"	"0"	"""left"""	"""TRUE"""	"1"	"""FALSE"""	"-1"
"2BFFCD45XCET66YNPP9N9TGRZDJZX4"	"2J9TP9RA7S5W5UC9UXFFD0JMH00XSU"	"What is he talking about? (1-2 mins)"	"Short and fun! A 1-2 minute word game about what someone is talking about."	"experiment, psychology, game"	"$0.20"	"Mon Dec 09 00:29:57 PST 2013"	"50"	"0"	"0"	"50"	"Reviewable"	"NotReviewed"	"1 scales"	"600"	"60000"	"Mon Dec 16 00:29:57 PST 2013"	"https://requester.mturk.com/mturk/manageHIT?HITId=2BFFCD45XCET66YNPP9N9TGRZDJZX4"	"2CXL8I9NZW6HXSCOA9HWDT8B4ZPLV4"	"A1RD79V8R2YXZP"	"Approved"	"Mon Dec 09 17:55:53 PST 2013"	"Mon Dec 09 01:15:00 PST 2013"	"Mon Dec 09 01:15:53 PST 2013"	"Mon Dec 09 02:12:04 PST 2013"	""	""	""	""	"""chocolate"""	"-1"	"-1"	"6"	"2"	""""""	"1"	"""1"""	"""sundae"""	"4"	"0"	"""null"""	"-1"	"0"	"""communication"""	"0"	"""1"""	"1"	"0"	"""middle"""	"""TRUE"""	"2"	"""FALSE"""	"-1"
"2BFFCD45XCET66YNPP9N9TGRZDJZX4"	"2J9TP9RA7S5W5UC9UXFFD0JMH00XSU"	"What is he talking about? (1-2 mins)"	"Short and fun! A 1-2 minute word game about what someone is talking about."	"experiment, psychology, game"	"$0.20"	"Mon Dec 09 00:29:57 PST 2013"	"50"	"0"	"0"	"50"	"Reviewable"	"NotReviewed"	"1 scales"	"600"	"60000"	"Mon Dec 16 00:29:57 PST 2013"	"https://requester.mturk.com/mturk/manageHIT?HITId=2BFFCD45XCET66YNPP9N9TGRZDJZX4"	"25SFK0COK2JEKFDPGP0LXW6TUT7RKE"	"A31CBO620EX6UQ"	"Approved"	"Mon Dec 09 18:00:03 PST 2013"	"Mon Dec 09 01:17:53 PST 2013"	"Mon Dec 09 01:20:03 PST 2013"	"Mon Dec 09 02:12:03 PST 2013"	""	""	""	""	"""whipped cream"""	"-1"	"-1"	"7"	"2"	""""""	"1"	"""1"""	"""sundae"""	"6"	"0"	"""null"""	"-1"	"0"	"""This survey was to figure out what people want."""	"0"	"""2"""	"1"	"0"	"""middle"""	"""TRUE"""	"1"	"""FALSE"""	"-1"
"2BFFCD45XCET66YNPP9N9TGRZDJZX4"	"2J9TP9RA7S5W5UC9UXFFD0JMH00XSU"	"What is he talking about? (1-2 mins)"	"Short and fun! A 1-2 minute word game about what someone is talking about."	"experiment, psychology, game"	"$0.20"	"Mon Dec 09 00:29:57 PST 2013"	"50"	"0"	"0"	"50"	"Reviewable"	"NotReviewed"	"1 scales"	"600"	"60000"	"Mon Dec 16 00:29:57 PST 2013"	"https://requester.mturk.com/mturk/manageHIT?HITId=2BFFCD45XCET66YNPP9N9TGRZDJZX4"	"2ADWSBRI8IUBLR094O8SZLB8GJAF3W"	"A2S96ZZ70YFPSK"	"Approved"	"Mon Dec 09 18:00:19 PST 2013"	"Mon Dec 09 01:18:58 PST 2013"	"Mon Dec 09 01:20:19 PST 2013"	"Mon Dec 09 02:12:02 PST 2013"	""	""	""	""	"""cherry"""	"-1"	"-1"	"4"	"2"	"""no"""	"1"	"""1"""	"""sundae"""	"6"	"0"	"""null"""	"-1"	"0"	"""Sundaes"""	"0"	"""2"""	"1"	"0"	"""right"""	"""TRUE"""	"1"	"""FALSE"""	"-1"
"2BFFCD45XCET66YNPP9N9TGRZDJZX4"	"2J9TP9RA7S5W5UC9UXFFD0JMH00XSU"	"What is he talking about? (1-2 mins)"	"Short and fun! A 1-2 minute word game about what someone is talking about."	"experiment, psychology, game"	"$0.20"	"Mon Dec 09 00:29:57 PST 2013"	"50"	"0"	"0"	"50"	"Reviewable"	"NotReviewed"	"1 scales"	"600"	"60000"	"Mon Dec 16 00:29:57 PST 2013"	"https://requester.mturk.com/mturk/manageHIT?HITId=2BFFCD45XCET66YNPP9N9TGRZDJZX4"	"23YYTWX4H3H284AD5E7ICIJW6O0Z4P"	"A2EEUQ0YY2XIU"	"Approved"	"Mon Dec 09 18:05:00 PST 2013"	"Mon Dec 09 01:24:12 PST 2013"	"Mon Dec 09 01:25:00 PST 2013"	"Mon Dec 09 02:12:04 PST 2013"	""	""	""	""	"""chocolate"""	"-1"	"-1"	"7"	"2"	"""No."""	"1"	"""1"""	"""sundae"""	"6"	"0"	"""null"""	"-1"	"0"	"""Language"""	"0"	"""2"""	"1"	"0"	"""left"""	"""TRUE"""	"1"	"""FALSE"""	"-1"
"2BFFCD45XCET66YNPP9N9TGRZDJZX4"	"2J9TP9RA7S5W5UC9UXFFD0JMH00XSU"	"What is he talking about? (1-2 mins)"	"Short and fun! A 1-2 minute word game about what someone is talking about."	"experiment, psychology, game"	"$0.20"	"Mon Dec 09 00:29:57 PST 2013"	"50"	"0"	"0"	"50"	"Reviewable"	"NotReviewed"	"1 scales"	"600"	"60000"	"Mon Dec 16 00:29:57 PST 2013"	"https://requester.mturk.com/mturk/manageHIT?HITId=2BFFCD45XCET66YNPP9N9TGRZDJZX4"	"2GK8SV7WGKCCEER38FU3SHAULN7R1B"	"A1QUNP6IYOQMZ5"	"Approved"	"Mon Dec 09 18:07:32 PST 2013"	"Mon Dec 09 01:24:59 PST 2013"	"Mon Dec 09 01:27:32 PST 2013"	"Mon Dec 09 02:12:04 PST 2013"	""	""	""	""	"""cherry"""	"-1"	"-1"	"6"	"2"	"""none thank you"""	"1"	"""1"""	"""sundae"""	"2"	"0"	"""null"""	"-1"	"0"	"""sundae's"""	"0"	"""2"""	"1"	"0"	"""left"""	"""TRUE"""	"4"	"""FALSE"""	"-1"
"2BFFCD45XCET66YNPP9N9TGRZDJZX4"	"2J9TP9RA7S5W5UC9UXFFD0JMH00XSU"	"What is he talking about? (1-2 mins)"	"Short and fun! A 1-2 minute word game about what someone is talking about."	"experiment, psychology, game"	"$0.20"	"Mon Dec 09 00:29:57 PST 2013"	"50"	"0"	"0"	"50"	"Reviewable"	"NotReviewed"	"1 scales"	"600"	"60000"	"Mon Dec 16 00:29:57 PST 2013"	"https://requester.mturk.com/mturk/manageHIT?HITId=2BFFCD45XCET66YNPP9N9TGRZDJZX4"	"2M4F0CP5KXPT1GOIT374VM7STP2YXD"	"A2NQT50GA2G1B0"	"Approved"	"Mon Dec 09 18:12:27 PST 2013"	"Mon Dec 09 01:30:59 PST 2013"	"Mon Dec 09 01:32:27 PST 2013"	"Mon Dec 09 02:12:04 PST 2013"	""	""	""	""	"""cherry"""	"-1"	"-1"	"7"	"2"	""""""	"1"	"""1"""	"""sundae"""	"7"	"0"	"""null"""	"-1"	"0"	"""ice cream sunda"""	"0"	"""2"""	"1"	"0"	"""right"""	"""TRUE"""	"1"	"""FALSE"""	"-1"
"2BFFCD45XCET66YNPP9N9TGRZDJZX4"	"2J9TP9RA7S5W5UC9UXFFD0JMH00XSU"	"What is he talking about? (1-2 mins)"	"Short and fun! A 1-2 minute word game about what someone is talking about."	"experiment, psychology, game"	"$0.20"	"Mon Dec 09 00:29:57 PST 2013"	"50"	"0"	"0"	"50"	"Reviewable"	"NotReviewed"	"1 scales"	"600"	"60000"	"Mon Dec 16 00:29:57 PST 2013"	"https://requester.mturk.com/mturk/manageHIT?HITId=2BFFCD45XCET66YNPP9N9TGRZDJZX4"	"249YW2GTP9RAQLBWI6X94SOK2JGOTA"	"A9JLQEN9J5WL3"	"Approved"	"Mon Dec 09 18:15:01 PST 2013"	"Mon Dec 09 01:30:55 PST 2013"	"Mon Dec 09 01:35:01 PST 2013"	"Mon Dec 09 02:12:04 PST 2013"	""	""	""	""	"""whipped cream"""	"-1"	"-1"	"7"	"2"	"""I think that if Bob was really referring to the first sundae, he would have said \""chocolate sauce\"" since that is the characteristic that really stood out."""	"1"	"""1"""	"""sundae"""	"3"	"0"	"""null"""	"-1"	"0"	"""I think the survey is how people choose to interpret labels."""	"0"	"""2"""	"1"	"0"	"""middle"""	"""TRUE"""	"1"	"""FALSE"""	"-1"
"2BFFCD45XCET66YNPP9N9TGRZDJZX4"	"2J9TP9RA7S5W5UC9UXFFD0JMH00XSU"	"What is he talking about? (1-2 mins)"	"Short and fun! A 1-2 minute word game about what someone is talking about."	"experiment, psychology, game"	"$0.20"	"Mon Dec 09 00:29:57 PST 2013"	"50"	"0"	"0"	"50"	"Reviewable"	"NotReviewed"	"1 scales"	"600"	"60000"	"Mon Dec 16 00:29:57 PST 2013"	"https://requester.mturk.com/mturk/manageHIT?HITId=2BFFCD45XCET66YNPP9N9TGRZDJZX4"	"2IBIA0RYNJ926CQMWA2MPTUMTF083B"	"A3W176HG8B4UF2"	"Approved"	"Mon Dec 09 18:23:08 PST 2013"	"Mon Dec 09 01:42:13 PST 2013"	"Mon Dec 09 01:43:08 PST 2013"	"Mon Dec 09 02:12:02 PST 2013"	""	""	""	""	"""whipped cream"""	"-1"	"-1"	"6"	"2"	"""N/a"""	"1"	"""1"""	"""sundae"""	"6"	"0"	"""null"""	"-1"	"0"	"""What one word communication can imply in context."""	"0"	"""2"""	"1"	"0"	"""left"""	"""TRUE"""	"1"	"""FALSE"""	"-1"
"2BFFCD45XCET66YNPP9N9TGRZDJZX4"	"2J9TP9RA7S5W5UC9UXFFD0JMH00XSU"	"What is he talking about? (1-2 mins)"	"Short and fun! A 1-2 minute word game about what someone is talking about."	"experiment, psychology, game"	"$0.20"	"Mon Dec 09 00:29:57 PST 2013"	"50"	"0"	"0"	"50"	"Reviewable"	"NotReviewed"	"1 scales"	"600"	"60000"	"Mon Dec 16 00:29:57 PST 2013"	"https://requester.mturk.com/mturk/manageHIT?HITId=2BFFCD45XCET66YNPP9N9TGRZDJZX4"	"2OWEGDHDM25LRBFNV1XHKZ6T9NODN2"	"A122YZA0H94KZH"	"Approved"	"Mon Dec 09 18:23:54 PST 2013"	"Mon Dec 09 01:42:04 PST 2013"	"Mon Dec 09 01:43:54 PST 2013"	"Mon Dec 09 02:12:03 PST 2013"	""	""	""	""	"""chocolate"""	"-1"	"-1"	"7"	"2"	"""No"""	"1"	"""1"""	"""sundae"""	"1"	"0"	"""null"""	"-1"	"0"	"""Finding what Bob meant"""	"0"	"""2"""	"1"	"0"	"""left"""	"""TRUE"""	"1"	"""FALSE"""	"-1"
"2BFFCD45XCET66YNPP9N9TGRZDJZX4"	"2J9TP9RA7S5W5UC9UXFFD0JMH00XSU"	"What is he talking about? (1-2 mins)"	"Short and fun! A 1-2 minute word game about what someone is talking about."	"experiment, psychology, game"	"$0.20"	"Mon Dec 09 00:29:57 PST 2013"	"50"	"0"	"0"	"50"	"Reviewable"	"NotReviewed"	"1 scales"	"600"	"60000"	"Mon Dec 16 00:29:57 PST 2013"	"https://requester.mturk.com/mturk/manageHIT?HITId=2BFFCD45XCET66YNPP9N9TGRZDJZX4"	"2XBKM05BMJTU0R22CYG9XA7X0GMEJW"	"A3MCQHA2V0G46V"	"Approved"	"Mon Dec 09 18:31:21 PST 2013"	"Mon Dec 09 01:49:15 PST 2013"	"Mon Dec 09 01:51:21 PST 2013"	"Mon Dec 09 02:17:31 PST 2013"	""	""	""	""	"""cherry"""	"-1"	"-1"	"4"	"2"	"""no"""	"1"	"""1"""	"""sundae"""	"4"	"0"	"""null"""	"-1"	"0"	"""communication"""	"0"	"""2"""	"1"	"0"	"""left"""	"""TRUE"""	"1"	"""FALSE"""	"-1"
"2BFFCD45XCET66YNPP9N9TGRZDJZX4"	"2J9TP9RA7S5W5UC9UXFFD0JMH00XSU"	"What is he talking about? (1-2 mins)"	"Short and fun! A 1-2 minute word game about what someone is talking about."	"experiment, psychology, game"	"$0.20"	"Mon Dec 09 00:29:57 PST 2013"	"50"	"0"	"0"	"50"	"Reviewable"	"NotReviewed"	"1 scales"	"600"	"60000"	"Mon Dec 16 00:29:57 PST 2013"	"https://requester.mturk.com/mturk/manageHIT?HITId=2BFFCD45XCET66YNPP9N9TGRZDJZX4"	"2DFAB6BFMFFOHROTXYAFJGEX7JQWJR"	"ACWYF9Z50PCA9"	"Approved"	"Mon Dec 09 18:31:36 PST 2013"	"Mon Dec 09 01:48:58 PST 2013"	"Mon Dec 09 01:51:36 PST 2013"	"Mon Dec 09 02:17:31 PST 2013"	""	""	""	""	"""cherry"""	"-1"	"-1"	"7"	"2"	""""""	"1"	"""1"""	"""sundae"""	"4"	"0"	"""null"""	"-1"	"0"	"""Rating confidence levels of different sundaes given only one word"""	"0"	"""2"""	"1"	"0"	"""left"""	"""TRUE"""	"1"	"""FALSE"""	"-1"
"2BFFCD45XCET66YNPP9N9TGRZDJZX4"	"2J9TP9RA7S5W5UC9UXFFD0JMH00XSU"	"What is he talking about? (1-2 mins)"	"Short and fun! A 1-2 minute word game about what someone is talking about."	"experiment, psychology, game"	"$0.20"	"Mon Dec 09 00:29:57 PST 2013"	"50"	"0"	"0"	"50"	"Reviewable"	"NotReviewed"	"1 scales"	"600"	"60000"	"Mon Dec 16 00:29:57 PST 2013"	"https://requester.mturk.com/mturk/manageHIT?HITId=2BFFCD45XCET66YNPP9N9TGRZDJZX4"	"2GYRLPHIT3HVF31KEBTNPQ262MZIAT"	"A2AOGI9Y7KFF1P"	"Approved"	"Mon Dec 09 18:34:48 PST 2013"	"Mon Dec 09 01:53:21 PST 2013"	"Mon Dec 09 01:54:48 PST 2013"	"Mon Dec 09 02:17:30 PST 2013"	""	""	""	""	"""chocolate"""	"-1"	"-1"	"6"	"2"	""""""	"1"	"""1"""	"""sundae"""	"7"	"0"	"""null"""	"-1"	"0"	"""Chocolate sundaes"""	"0"	"""2"""	"1"	"0"	"""left"""	"""TRUE"""	"4"	"""FALSE"""	"-1"
"2BFFCD45XCET66YNPP9N9TGRZDJZX4"	"2J9TP9RA7S5W5UC9UXFFD0JMH00XSU"	"What is he talking about? (1-2 mins)"	"Short and fun! A 1-2 minute word game about what someone is talking about."	"experiment, psychology, game"	"$0.20"	"Mon Dec 09 00:29:57 PST 2013"	"50"	"0"	"0"	"50"	"Reviewable"	"NotReviewed"	"1 scales"	"600"	"60000"	"Mon Dec 16 00:29:57 PST 2013"	"https://requester.mturk.com/mturk/manageHIT?HITId=2BFFCD45XCET66YNPP9N9TGRZDJZX4"	"2DPUYT3DHJHPN4JDGLVYERS24H4T0V"	"A19R04IXWA4ZLX"	"Approved"	"Mon Dec 09 18:43:20 PST 2013"	"Mon Dec 09 02:00:51 PST 2013"	"Mon Dec 09 02:03:20 PST 2013"	"Mon Dec 09 02:17:31 PST 2013"	""	""	""	""	"""whipped cream"""	"-1"	"-1"	"6"	"2"	"""No comments"""	"1"	"""1"""	"""sundae"""	"4"	"0"	"""null"""	"-1"	"0"	"""Bob telling about a sundae with only using one word. Seeing if we could tell which one he was talking about."""	"0"	"""2"""	"1"	"0"	"""middle"""	"""TRUE"""	"1"	"""FALSE"""	"-1"
"2BFFCD45XCET66YNPP9N9TGRZDJZX4"	"2J9TP9RA7S5W5UC9UXFFD0JMH00XSU"	"What is he talking about? (1-2 mins)"	"Short and fun! A 1-2 minute word game about what someone is talking about."	"experiment, psychology, game"	"$0.20"	"Mon Dec 09 00:29:57 PST 2013"	"50"	"0"	"0"	"50"	"Reviewable"	"NotReviewed"	"1 scales"	"600"	"60000"	"Mon Dec 16 00:29:57 PST 2013"	"https://requester.mturk.com/mturk/manageHIT?HITId=2BFFCD45XCET66YNPP9N9TGRZDJZX4"	"2JM8P9Y38TWWGB9SQ39M6JTFB7AIZY"	"A2YLLYJ04QIRXZ"	"Approved"	"Mon Dec 09 19:01:50 PST 2013"	"Mon Dec 09 02:17:59 PST 2013"	"Mon Dec 09 02:21:50 PST 2013"	"Mon Dec 09 02:42:06 PST 2013"	""	""	""	""	"""chocolate"""	"-1"	"-1"	"7"	"2"	"""Nope."""	"1"	"""1"""	"""sundae"""	"7"	"0"	"""null"""	"-1"	"0"	"""A strange guy named Bob and his sundaes."""	"0"	"""2"""	"1"	"0"	"""right"""	"""TRUE"""	"1"	"""FALSE"""	"-1"
"2BFFCD45XCET66YNPP9N9TGRZDJZX4"	"2J9TP9RA7S5W5UC9UXFFD0JMH00XSU"	"What is he talking about? (1-2 mins)"	"Short and fun! A 1-2 minute word game about what someone is talking about."	"experiment, psychology, game"	"$0.20"	"Mon Dec 09 00:29:57 PST 2013"	"50"	"0"	"0"	"50"	"Reviewable"	"NotReviewed"	"1 scales"	"600"	"60000"	"Mon Dec 16 00:29:57 PST 2013"	"https://requester.mturk.com/mturk/manageHIT?HITId=2BFFCD45XCET66YNPP9N9TGRZDJZX4"	"20Q2RCJK63ZVXWNRWPLIGQ9OGPX7W4"	"A1UUNYHX3M8O3O"	"Approved"	"Mon Dec 09 19:11:52 PST 2013"	"Mon Dec 09 02:27:02 PST 2013"	"Mon Dec 09 02:31:52 PST 2013"	"Mon Dec 09 02:48:39 PST 2013"	""	""	""	""	"""chocolate"""	"-1"	"-1"	"1"	"2"	"""Thank you!"""	"1"	"""1"""	"""sundae"""	"4"	"0"	"""null"""	"-1"	"0"	"""Ice cream sundae"""	"0"	"""2"""	"1"	"0"	"""middle"""	"""TRUE"""	"7"	"""FALSE"""	"-1"
"2BFFCD45XCET66YNPP9N9TGRZDJZX4"	"2J9TP9RA7S5W5UC9UXFFD0JMH00XSU"	"What is he talking about? (1-2 mins)"	"Short and fun! A 1-2 minute word game about what someone is talking about."	"experiment, psychology, game"	"$0.20"	"Mon Dec 09 00:29:57 PST 2013"	"50"	"0"	"0"	"50"	"Reviewable"	"NotReviewed"	"1 scales"	"600"	"60000"	"Mon Dec 16 00:29:57 PST 2013"	"https://requester.mturk.com/mturk/manageHIT?HITId=2BFFCD45XCET66YNPP9N9TGRZDJZX4"	"2LUYU98JHSTLUWR0BGA9OOBO93YPDL"	"A2BH0SKH37R2VL"	"Approved"	"Mon Dec 09 19:17:48 PST 2013"	"Mon Dec 09 02:36:43 PST 2013"	"Mon Dec 09 02:37:48 PST 2013"	"Mon Dec 09 02:48:40 PST 2013"	""	""	""	""	"""chocolate"""	"-1"	"-1"	"1"	"2"	"""no"""	"1"	"""1"""	"""sundae"""	"7"	"0"	"""null"""	"-1"	"0"	"""trying to figure out which sundae bob was referring to"""	"0"	"""2"""	"1"	"0"	"""middle"""	"""TRUE"""	"1"	"""FALSE"""	"-1"
"2BFFCD45XCET66YNPP9N9TGRZDJZX4"	"2J9TP9RA7S5W5UC9UXFFD0JMH00XSU"	"What is he talking about? (1-2 mins)"	"Short and fun! A 1-2 minute word game about what someone is talking about."	"experiment, psychology, game"	"$0.20"	"Mon Dec 09 00:29:57 PST 2013"	"50"	"0"	"0"	"50"	"Reviewable"	"NotReviewed"	"1 scales"	"600"	"60000"	"Mon Dec 16 00:29:57 PST 2013"	"https://requester.mturk.com/mturk/manageHIT?HITId=2BFFCD45XCET66YNPP9N9TGRZDJZX4"	"2LFVP3TVOK5UYCB1UCHEUZF3LC9254"	"AGDSEH0AGK4RD"	"Approved"	"Mon Dec 09 19:17:58 PST 2013"	"Mon Dec 09 02:36:42 PST 2013"	"Mon Dec 09 02:37:58 PST 2013"	"Mon Dec 09 02:48:40 PST 2013"	""	""	""	""	"""cherry"""	"-1"	"-1"	"4"	"2"	"""None"""	"1"	"""1"""	"""sundae"""	"4"	"0"	"""null"""	"-1"	"0"	"""Determining what a character was talking about using pictures and one given word."""	"0"	"""2"""	"1"	"0"	"""left"""	"""TRUE"""	"1"	"""FALSE"""	"-1"
"2BFFCD45XCET66YNPP9N9TGRZDJZX4"	"2J9TP9RA7S5W5UC9UXFFD0JMH00XSU"	"What is he talking about? (1-2 mins)"	"Short and fun! A 1-2 minute word game about what someone is talking about."	"experiment, psychology, game"	"$0.20"	"Mon Dec 09 00:29:57 PST 2013"	"50"	"0"	"0"	"50"	"Reviewable"	"NotReviewed"	"1 scales"	"600"	"60000"	"Mon Dec 16 00:29:57 PST 2013"	"https://requester.mturk.com/mturk/manageHIT?HITId=2BFFCD45XCET66YNPP9N9TGRZDJZX4"	"2D7DEY5COW0LZK534HIFRC60IE74V9"	"A10DZISB4YX5QC"	"Approved"	"Mon Dec 09 19:18:26 PST 2013"	"Mon Dec 09 02:36:11 PST 2013"	"Mon Dec 09 02:38:26 PST 2013"	"Mon Dec 09 02:48:39 PST 2013"	""	""	""	""	"""chocolate"""	"-1"	"-1"	"6"	"2"	"""That was fun"""	"1"	"""1"""	"""sundae"""	"7"	"0"	"""null"""	"-1"	"0"	"""Language and cognition lab"""	"0"	"""2"""	"1"	"0"	"""right"""	"""TRUE"""	"1"	"""FALSE"""	"-1"
"2BFFCD45XCET66YNPP9N9TGRZDJZX4"	"2J9TP9RA7S5W5UC9UXFFD0JMH00XSU"	"What is he talking about? (1-2 mins)"	"Short and fun! A 1-2 minute word game about what someone is talking about."	"experiment, psychology, game"	"$0.20"	"Mon Dec 09 00:29:57 PST 2013"	"50"	"0"	"0"	"50"	"Reviewable"	"NotReviewed"	"1 scales"	"600"	"60000"	"Mon Dec 16 00:29:57 PST 2013"	"https://requester.mturk.com/mturk/manageHIT?HITId=2BFFCD45XCET66YNPP9N9TGRZDJZX4"	"2S0IUB2YU98J0LZL78C0LBJED8JL93"	"A2H41VAZDRZAPY"	"Approved"	"Mon Dec 09 19:20:00 PST 2013"	"Mon Dec 09 02:38:44 PST 2013"	"Mon Dec 09 02:40:00 PST 2013"	"Mon Dec 09 02:48:39 PST 2013"	""	""	""	""	"""chocolate"""	"-1"	"-1"	"7"	"2"	""""""	"1"	"""1"""	"""sundae"""	"6"	"0"	"""null"""	"-1"	"0"	"""Deciding what bob liked from one word"""	"0"	"""2"""	"1"	"0"	"""middle"""	"""TRUE"""	"1"	"""FALSE"""	"-1"
"2BFFCD45XCET66YNPP9N9TGRZDJZX4"	"2J9TP9RA7S5W5UC9UXFFD0JMH00XSU"	"What is he talking about? (1-2 mins)"	"Short and fun! A 1-2 minute word game about what someone is talking about."	"experiment, psychology, game"	"$0.20"	"Mon Dec 09 00:29:57 PST 2013"	"50"	"0"	"0"	"50"	"Reviewable"	"NotReviewed"	"1 scales"	"600"	"60000"	"Mon Dec 16 00:29:57 PST 2013"	"https://requester.mturk.com/mturk/manageHIT?HITId=2BFFCD45XCET66YNPP9N9TGRZDJZX4"	"2ERMAZHHRRLF9TUNJ0IH7KHT4YOMDN"	"ATHS9GUME1XCA"	"Approved"	"Mon Dec 09 19:23:02 PST 2013"	"Mon Dec 09 02:42:13 PST 2013"	"Mon Dec 09 02:43:02 PST 2013"	"Mon Dec 09 02:59:01 PST 2013"	""	""	""	""	"""whipped cream"""	"-1"	"-1"	"2"	"2"	""""""	"1"	"""1"""	"""sundae"""	"6"	"0"	"""null"""	"-1"	"0"	"""ice cream"""	"0"	"""3"""	"1"	"0"	"""left"""	"""TRUE"""	"2"	"""FALSE"""	"-1"
"2BFFCD45XCET66YNPP9N9TGRZDJZX4"	"2J9TP9RA7S5W5UC9UXFFD0JMH00XSU"	"What is he talking about? (1-2 mins)"	"Short and fun! A 1-2 minute word game about what someone is talking about."	"experiment, psychology, game"	"$0.20"	"Mon Dec 09 00:29:57 PST 2013"	"50"	"0"	"0"	"50"	"Reviewable"	"NotReviewed"	"1 scales"	"600"	"60000"	"Mon Dec 16 00:29:57 PST 2013"	"https://requester.mturk.com/mturk/manageHIT?HITId=2BFFCD45XCET66YNPP9N9TGRZDJZX4"	"2QFTBJ3MMDX5YIDN27BHH9MIS8SCY5"	"A1JT53BJT9J5HU"	"Approved"	"Mon Dec 09 19:28:06 PST 2013"	"Mon Dec 09 02:47:10 PST 2013"	"Mon Dec 09 02:48:06 PST 2013"	"Mon Dec 09 02:59:02 PST 2013"	""	""	""	""	"""whipped cream"""	"-1"	"-1"	"7"	"2"	"""n/a"""	"1"	"""1"""	"""sundae"""	"7"	"0"	"""null"""	"-1"	"0"	"""Bob being able to communicate saying one word."""	"0"	"""2"""	"1"	"0"	"""left"""	"""TRUE"""	"1"	"""FALSE"""	"-1"
"2BFFCD45XCET66YNPP9N9TGRZDJZX4"	"2J9TP9RA7S5W5UC9UXFFD0JMH00XSU"	"What is he talking about? (1-2 mins)"	"Short and fun! A 1-2 minute word game about what someone is talking about."	"experiment, psychology, game"	"$0.20"	"Mon Dec 09 00:29:57 PST 2013"	"50"	"0"	"0"	"50"	"Reviewable"	"NotReviewed"	"1 scales"	"600"	"60000"	"Mon Dec 16 00:29:57 PST 2013"	"https://requester.mturk.com/mturk/manageHIT?HITId=2BFFCD45XCET66YNPP9N9TGRZDJZX4"	"2Z8FL6VCPWZ9AGJWETM1Y7SSYX58N7"	"A2E1ZWRQICYHOT"	"Approved"	"Mon Dec 09 19:37:28 PST 2013"	"Mon Dec 09 02:56:50 PST 2013"	"Mon Dec 09 02:57:28 PST 2013"	"Mon Dec 09 02:59:02 PST 2013"	""	""	""	""	"""chocolate"""	"-1"	"-1"	"7"	"2"	""""""	"1"	"""1"""	"""sundae"""	"7"	"0"	"""null"""	"-1"	"0"	"""sundaes"""	"0"	"""2"""	"1"	"0"	"""right"""	"""TRUE"""	"1"	"""FALSE"""	"-1"
