"hitid"	"hittypeid"	"title"	"description"	"keywords"	"reward"	"creationtime"	"assignments"	"numavailable"	"numpending"	"numcomplete"	"hitstatus"	"reviewstatus"	"annotation"	"assignmentduration"	"autoapprovaldelay"	"hitlifetime"	"viewhit"	"assignmentid"	"workerid"	"assignmentstatus"	"autoapprovaltime"	"assignmentaccepttime"	"assignmentsubmittime"	"assignmentapprovaltime"	"assignmentrejecttime"	"deadline"	"feedback"	"reject"	"Answer.target_property"	"Answer.familiarization_cond"	"Answer.money_allocated_to_logical"	"Answer.Likert_value_target"	"Answer.participant_response_type_condition"	"Answer.linguistic_framing_condition"	"Answer.target_frequency"	"Answer.participant_feature_count_condition"	"Answer.target_filler_sequence_condition"	"Answer.target_position"	"Answer.name_check_correct"	"Answer.Likert_value_foil"	"Answer.comment"	"Answer.manip_check_dist"	"Answer.item"	"Answer.Likert_value_logical"	"Answer.question_type_condition"	"Answer.choice"	"Answer.money_allocated_to_target"	"Answer.about"	"Answer.familiarization_present_in_study"	"Answer.manip_check_target"	"Answer.choice_correct"	"Answer.money_allocated_to_foil"
"2I8P6AUC26DGP0J1T8M0LK0EHSA3AU"	"2J9TP9RA7S5W5UC9UXFFD0JMH00XSU"	"What is he talking about? (1-2 mins)"	"Short and fun! A 1-2 minute word game about what someone is talking about."	"experiment, psychology, game"	"$0.20"	"Mon Nov 18 03:51:30 PST 2013"	"100"	"0"	"0"	"100"	"Reviewable"	"NotReviewed"	"1 scales"	"600"	"60000"	"Mon Nov 25 03:51:30 PST 2013"	"https://requester.mturk.com/mturk/manageHIT?HITId=2I8P6AUC26DGP0J1T8M0LK0EHSA3AU"	"2S0IUB2YU98J0LZL78C0LBJE95YL98"	"A19G04CNY1NV48"	"Approved"	"Mon Nov 18 20:33:18 PST 2013"	"Mon Nov 18 03:52:11 PST 2013"	"Mon Nov 18 03:53:18 PST 2013"	"Mon Nov 18 03:57:32 PST 2013"	""	""	""	""	"""hat"""	"-1"	"-1"	"6"	"2"	"0"	"0"	"1"	"0"	"""middle"""	"""TRUE"""	"1"	""""""	"""1"""	"""friend"""	"6"	"0"	"""null"""	"-1"	"""Bobs favorite friend"""	"0"	"""2"""	"""FALSE"""	"-1"
"2I8P6AUC26DGP0J1T8M0LK0EHSA3AU"	"2J9TP9RA7S5W5UC9UXFFD0JMH00XSU"	"What is he talking about? (1-2 mins)"	"Short and fun! A 1-2 minute word game about what someone is talking about."	"experiment, psychology, game"	"$0.20"	"Mon Nov 18 03:51:30 PST 2013"	"100"	"0"	"0"	"100"	"Reviewable"	"NotReviewed"	"1 scales"	"600"	"60000"	"Mon Nov 25 03:51:30 PST 2013"	"https://requester.mturk.com/mturk/manageHIT?HITId=2I8P6AUC26DGP0J1T8M0LK0EHSA3AU"	"2IA9NZW6HEZ677AQSCK8C9GZDJOYOR"	"ACVEFRSUAPSEQ"	"Approved"	"Mon Nov 18 20:34:01 PST 2013"	"Mon Nov 18 03:52:40 PST 2013"	"Mon Nov 18 03:54:01 PST 2013"	"Mon Nov 18 03:57:32 PST 2013"	""	""	""	""	"""mustache"""	"-1"	"-1"	"6"	"2"	"0"	"0"	"1"	"0"	"""middle"""	"""TRUE"""	"1"	"""no"""	"""1"""	"""friend"""	"5"	"0"	"""null"""	"-1"	"""understanding what is meant with little information"""	"0"	"""2"""	"""FALSE"""	"-1"
"2I8P6AUC26DGP0J1T8M0LK0EHSA3AU"	"2J9TP9RA7S5W5UC9UXFFD0JMH00XSU"	"What is he talking about? (1-2 mins)"	"Short and fun! A 1-2 minute word game about what someone is talking about."	"experiment, psychology, game"	"$0.20"	"Mon Nov 18 03:51:30 PST 2013"	"100"	"0"	"0"	"100"	"Reviewable"	"NotReviewed"	"1 scales"	"600"	"60000"	"Mon Nov 25 03:51:30 PST 2013"	"https://requester.mturk.com/mturk/manageHIT?HITId=2I8P6AUC26DGP0J1T8M0LK0EHSA3AU"	"2WAKMN9U8P9YM1ZWS293YUYNDH6DUB"	"A2A5BI9XU4UTJC"	"Approved"	"Mon Nov 18 20:34:18 PST 2013"	"Mon Nov 18 03:52:36 PST 2013"	"Mon Nov 18 03:54:18 PST 2013"	"Mon Nov 18 03:57:32 PST 2013"	""	""	""	""	"""hat"""	"-1"	"-1"	"6"	"2"	"0"	"0"	"1"	"0"	"""middle"""	"""TRUE"""	"1"	""""""	"""1"""	"""friend"""	"6"	"0"	"""null"""	"-1"	"""Judgments on what a person thinks by what he says """	"0"	"""2"""	"""FALSE"""	"-1"
"2I8P6AUC26DGP0J1T8M0LK0EHSA3AU"	"2J9TP9RA7S5W5UC9UXFFD0JMH00XSU"	"What is he talking about? (1-2 mins)"	"Short and fun! A 1-2 minute word game about what someone is talking about."	"experiment, psychology, game"	"$0.20"	"Mon Nov 18 03:51:30 PST 2013"	"100"	"0"	"0"	"100"	"Reviewable"	"NotReviewed"	"1 scales"	"600"	"60000"	"Mon Nov 25 03:51:30 PST 2013"	"https://requester.mturk.com/mturk/manageHIT?HITId=2I8P6AUC26DGP0J1T8M0LK0EHSA3AU"	"2SMB2YU98JHSCEH3H56BP9IT201BNA"	"AD8FKMXMFHO2N"	"Approved"	"Mon Nov 18 20:35:17 PST 2013"	"Mon Nov 18 03:54:43 PST 2013"	"Mon Nov 18 03:55:17 PST 2013"	"Mon Nov 18 03:57:31 PST 2013"	""	""	""	""	"""glasses"""	"-1"	"-1"	"6"	"2"	"0"	"0"	"1"	"0"	"""right"""	"""TRUE"""	"5"	""""""	"""1"""	"""friend"""	"6"	"0"	"""null"""	"-1"	"""Impressions of people."""	"0"	"""2"""	"""FALSE"""	"-1"
"2I8P6AUC26DGP0J1T8M0LK0EHSA3AU"	"2J9TP9RA7S5W5UC9UXFFD0JMH00XSU"	"What is he talking about? (1-2 mins)"	"Short and fun! A 1-2 minute word game about what someone is talking about."	"experiment, psychology, game"	"$0.20"	"Mon Nov 18 03:51:30 PST 2013"	"100"	"0"	"0"	"100"	"Reviewable"	"NotReviewed"	"1 scales"	"600"	"60000"	"Mon Nov 25 03:51:30 PST 2013"	"https://requester.mturk.com/mturk/manageHIT?HITId=2I8P6AUC26DGP0J1T8M0LK0EHSA3AU"	"25CCJ011K27420FKM1X1EN4BLE3CAZ"	"A2BKU0NE7F3P0B"	"Approved"	"Mon Nov 18 20:37:45 PST 2013"	"Mon Nov 18 03:55:24 PST 2013"	"Mon Nov 18 03:57:45 PST 2013"	"Mon Nov 18 04:03:41 PST 2013"	""	""	""	""	"""hat"""	"-1"	"-1"	"4"	"2"	"0"	"0"	"1"	"0"	"""right"""	"""TRUE"""	"4"	"""Fun survey, thanks."""	"""1"""	"""friend"""	"4"	"0"	"""null"""	"-1"	"""Determining who Bob friend was by a mere suggestion that he HAS a hat."""	"0"	"""2"""	"""FALSE"""	"-1"
"2I8P6AUC26DGP0J1T8M0LK0EHSA3AU"	"2J9TP9RA7S5W5UC9UXFFD0JMH00XSU"	"What is he talking about? (1-2 mins)"	"Short and fun! A 1-2 minute word game about what someone is talking about."	"experiment, psychology, game"	"$0.20"	"Mon Nov 18 03:51:30 PST 2013"	"100"	"0"	"0"	"100"	"Reviewable"	"NotReviewed"	"1 scales"	"600"	"60000"	"Mon Nov 25 03:51:30 PST 2013"	"https://requester.mturk.com/mturk/manageHIT?HITId=2I8P6AUC26DGP0J1T8M0LK0EHSA3AU"	"2EUAESCWY2AO7VMMIJ7OUGQX33U003"	"AMUC6OI4A2GY4"	"Approved"	"Mon Nov 18 20:38:58 PST 2013"	"Mon Nov 18 03:58:04 PST 2013"	"Mon Nov 18 03:58:58 PST 2013"	"Mon Nov 18 04:03:41 PST 2013"	""	""	""	""	"""mustache"""	"-1"	"-1"	"4"	"2"	"0"	"0"	"1"	"0"	"""middle"""	"""TRUE"""	"1"	"""Love You"""	"""1"""	"""friend"""	"4"	"0"	"""null"""	"-1"	"""Bobs favorite friend"""	"0"	"""2"""	"""FALSE"""	"-1"
"2I8P6AUC26DGP0J1T8M0LK0EHSA3AU"	"2J9TP9RA7S5W5UC9UXFFD0JMH00XSU"	"What is he talking about? (1-2 mins)"	"Short and fun! A 1-2 minute word game about what someone is talking about."	"experiment, psychology, game"	"$0.20"	"Mon Nov 18 03:51:30 PST 2013"	"100"	"0"	"0"	"100"	"Reviewable"	"NotReviewed"	"1 scales"	"600"	"60000"	"Mon Nov 25 03:51:30 PST 2013"	"https://requester.mturk.com/mturk/manageHIT?HITId=2I8P6AUC26DGP0J1T8M0LK0EHSA3AU"	"2YI1SNQQ7Q67JY7QGHER72TV3ILT9K"	"A2T5TKB5P9UQSF"	"Approved"	"Mon Nov 18 20:39:14 PST 2013"	"Mon Nov 18 03:58:16 PST 2013"	"Mon Nov 18 03:59:14 PST 2013"	"Mon Nov 18 04:13:35 PST 2013"	""	""	""	""	"""glasses"""	"-1"	"-1"	"6"	"2"	"0"	"0"	"1"	"0"	"""left"""	"""FALSE"""	"4"	""""""	"""1"""	"""friend"""	"6"	"0"	"""null"""	"-1"	"""Determining a friend"""	"0"	"""2"""	"""FALSE"""	"-1"
"2I8P6AUC26DGP0J1T8M0LK0EHSA3AU"	"2J9TP9RA7S5W5UC9UXFFD0JMH00XSU"	"What is he talking about? (1-2 mins)"	"Short and fun! A 1-2 minute word game about what someone is talking about."	"experiment, psychology, game"	"$0.20"	"Mon Nov 18 03:51:30 PST 2013"	"100"	"0"	"0"	"100"	"Reviewable"	"NotReviewed"	"1 scales"	"600"	"60000"	"Mon Nov 25 03:51:30 PST 2013"	"https://requester.mturk.com/mturk/manageHIT?HITId=2I8P6AUC26DGP0J1T8M0LK0EHSA3AU"	"28GCCF0CP5KX8MONENOYM4PRY4MVWS"	"A3GTLCTTVIMPOL"	"Approved"	"Mon Nov 18 20:39:31 PST 2013"	"Mon Nov 18 03:58:02 PST 2013"	"Mon Nov 18 03:59:31 PST 2013"	"Mon Nov 18 04:03:41 PST 2013"	""	""	""	""	"""hat"""	"-1"	"-1"	"5"	"2"	"0"	"0"	"1"	"0"	"""middle"""	"""TRUE"""	"1"	""""""	"""1"""	"""friend"""	"5"	"0"	"""null"""	"-1"	"""about Bob's favorite friend"""	"0"	"""2"""	"""FALSE"""	"-1"
"2I8P6AUC26DGP0J1T8M0LK0EHSA3AU"	"2J9TP9RA7S5W5UC9UXFFD0JMH00XSU"	"What is he talking about? (1-2 mins)"	"Short and fun! A 1-2 minute word game about what someone is talking about."	"experiment, psychology, game"	"$0.20"	"Mon Nov 18 03:51:30 PST 2013"	"100"	"0"	"0"	"100"	"Reviewable"	"NotReviewed"	"1 scales"	"600"	"60000"	"Mon Nov 25 03:51:30 PST 2013"	"https://requester.mturk.com/mturk/manageHIT?HITId=2I8P6AUC26DGP0J1T8M0LK0EHSA3AU"	"2WL6YTWX4H3HLIH49E0GO6IOISU3Y3"	"A2APPZDU0VS9LN"	"Approved"	"Mon Nov 18 20:40:04 PST 2013"	"Mon Nov 18 03:59:20 PST 2013"	"Mon Nov 18 04:00:04 PST 2013"	"Mon Nov 18 04:13:34 PST 2013"	""	""	""	""	"""hat"""	"-1"	"-1"	"5"	"2"	"0"	"0"	"1"	"0"	"""right"""	"""TRUE"""	"1"	""""""	"""1"""	"""friend"""	"5"	"0"	"""null"""	"-1"	"""perception"""	"0"	"""2"""	"""FALSE"""	"-1"
"2I8P6AUC26DGP0J1T8M0LK0EHSA3AU"	"2J9TP9RA7S5W5UC9UXFFD0JMH00XSU"	"What is he talking about? (1-2 mins)"	"Short and fun! A 1-2 minute word game about what someone is talking about."	"experiment, psychology, game"	"$0.20"	"Mon Nov 18 03:51:30 PST 2013"	"100"	"0"	"0"	"100"	"Reviewable"	"NotReviewed"	"1 scales"	"600"	"60000"	"Mon Nov 25 03:51:30 PST 2013"	"https://requester.mturk.com/mturk/manageHIT?HITId=2I8P6AUC26DGP0J1T8M0LK0EHSA3AU"	"29CPFE4EGDHD5VBL4N0N5W6M5GV9JW"	"A1UTBDKOQ2MKUD"	"Approved"	"Mon Nov 18 20:40:55 PST 2013"	"Mon Nov 18 04:00:04 PST 2013"	"Mon Nov 18 04:00:55 PST 2013"	"Mon Nov 18 04:13:34 PST 2013"	""	""	""	""	"""mustache"""	"-1"	"-1"	"4"	"2"	"0"	"0"	"1"	"0"	"""middle"""	"""TRUE"""	"1"	""""""	"""1"""	"""friend"""	"4"	"0"	"""null"""	"-1"	"""Judgement"""	"0"	"""2"""	"""FALSE"""	"-1"
"2I8P6AUC26DGP0J1T8M0LK0EHSA3AU"	"2J9TP9RA7S5W5UC9UXFFD0JMH00XSU"	"What is he talking about? (1-2 mins)"	"Short and fun! A 1-2 minute word game about what someone is talking about."	"experiment, psychology, game"	"$0.20"	"Mon Nov 18 03:51:30 PST 2013"	"100"	"0"	"0"	"100"	"Reviewable"	"NotReviewed"	"1 scales"	"600"	"60000"	"Mon Nov 25 03:51:30 PST 2013"	"https://requester.mturk.com/mturk/manageHIT?HITId=2I8P6AUC26DGP0J1T8M0LK0EHSA3AU"	"2IBHSTLB3L0FUCFIKGAEPRE05MFIUJ"	"A3GDTSFHVBUJHD"	"Approved"	"Mon Nov 18 20:41:34 PST 2013"	"Mon Nov 18 03:59:37 PST 2013"	"Mon Nov 18 04:01:34 PST 2013"	"Mon Nov 18 04:13:34 PST 2013"	""	""	""	""	"""mustache"""	"-1"	"-1"	"6"	"2"	"0"	"0"	"1"	"0"	"""left"""	"""TRUE"""	"1"	""" cool HIT"""	"""1"""	"""friend"""	"5"	"0"	"""null"""	"-1"	"""bobs freinds and which friend he likes most"""	"0"	"""2"""	"""FALSE"""	"-1"
"2I8P6AUC26DGP0J1T8M0LK0EHSA3AU"	"2J9TP9RA7S5W5UC9UXFFD0JMH00XSU"	"What is he talking about? (1-2 mins)"	"Short and fun! A 1-2 minute word game about what someone is talking about."	"experiment, psychology, game"	"$0.20"	"Mon Nov 18 03:51:30 PST 2013"	"100"	"0"	"0"	"100"	"Reviewable"	"NotReviewed"	"1 scales"	"600"	"60000"	"Mon Nov 25 03:51:30 PST 2013"	"https://requester.mturk.com/mturk/manageHIT?HITId=2I8P6AUC26DGP0J1T8M0LK0EHSA3AU"	"2WIU6L5OBVCIKK3X0F9JL7GZSR2GZE"	"A1BHMDRWW9ZYSO"	"Approved"	"Mon Nov 18 20:41:53 PST 2013"	"Mon Nov 18 04:00:58 PST 2013"	"Mon Nov 18 04:01:53 PST 2013"	"Mon Nov 18 04:13:33 PST 2013"	""	""	""	""	"""glasses"""	"-1"	"-1"	"6"	"2"	"0"	"0"	"1"	"0"	"""middle"""	"""TRUE"""	"1"	""""""	"""1"""	"""friend"""	"6"	"0"	"""null"""	"-1"	"""Bob's Friends"""	"0"	"""2"""	"""FALSE"""	"-1"
"2I8P6AUC26DGP0J1T8M0LK0EHSA3AU"	"2J9TP9RA7S5W5UC9UXFFD0JMH00XSU"	"What is he talking about? (1-2 mins)"	"Short and fun! A 1-2 minute word game about what someone is talking about."	"experiment, psychology, game"	"$0.20"	"Mon Nov 18 03:51:30 PST 2013"	"100"	"0"	"0"	"100"	"Reviewable"	"NotReviewed"	"1 scales"	"600"	"60000"	"Mon Nov 25 03:51:30 PST 2013"	"https://requester.mturk.com/mturk/manageHIT?HITId=2I8P6AUC26DGP0J1T8M0LK0EHSA3AU"	"2T85TYMNCWYBN2L9OXJH311OF4GOKN"	"A2OZTBCBOCHF9E"	"Approved"	"Mon Nov 18 20:41:56 PST 2013"	"Mon Nov 18 04:01:06 PST 2013"	"Mon Nov 18 04:01:56 PST 2013"	"Mon Nov 18 04:13:33 PST 2013"	""	""	""	""	"""mustache"""	"-1"	"-1"	"5"	"2"	"0"	"0"	"1"	"0"	"""left"""	"""TRUE"""	"1"	""""""	"""1"""	"""friend"""	"5"	"0"	"""null"""	"-1"	"""I don't know."""	"0"	"""2"""	"""FALSE"""	"-1"
"2I8P6AUC26DGP0J1T8M0LK0EHSA3AU"	"2J9TP9RA7S5W5UC9UXFFD0JMH00XSU"	"What is he talking about? (1-2 mins)"	"Short and fun! A 1-2 minute word game about what someone is talking about."	"experiment, psychology, game"	"$0.20"	"Mon Nov 18 03:51:30 PST 2013"	"100"	"0"	"0"	"100"	"Reviewable"	"NotReviewed"	"1 scales"	"600"	"60000"	"Mon Nov 25 03:51:30 PST 2013"	"https://requester.mturk.com/mturk/manageHIT?HITId=2I8P6AUC26DGP0J1T8M0LK0EHSA3AU"	"2P006UFBNFSVZNRFZEWS26NLSWGH3H"	"A8TCR99262PGK"	"Approved"	"Mon Nov 18 20:41:59 PST 2013"	"Mon Nov 18 04:01:11 PST 2013"	"Mon Nov 18 04:01:59 PST 2013"	"Mon Nov 18 04:13:33 PST 2013"	""	""	""	""	"""hat"""	"-1"	"-1"	"7"	"2"	"0"	"0"	"1"	"0"	"""right"""	"""TRUE"""	"7"	""""""	"""1"""	"""friend"""	"7"	"0"	"""null"""	"-1"	"""bobs friends"""	"0"	"""2"""	"""FALSE"""	"-1"
"2I8P6AUC26DGP0J1T8M0LK0EHSA3AU"	"2J9TP9RA7S5W5UC9UXFFD0JMH00XSU"	"What is he talking about? (1-2 mins)"	"Short and fun! A 1-2 minute word game about what someone is talking about."	"experiment, psychology, game"	"$0.20"	"Mon Nov 18 03:51:30 PST 2013"	"100"	"0"	"0"	"100"	"Reviewable"	"NotReviewed"	"1 scales"	"600"	"60000"	"Mon Nov 25 03:51:30 PST 2013"	"https://requester.mturk.com/mturk/manageHIT?HITId=2I8P6AUC26DGP0J1T8M0LK0EHSA3AU"	"2H957DZKPFE4X9JH9RT5R8IEEGL4EA"	"A4KIZIV7XPVZQ"	"Approved"	"Mon Nov 18 20:42:03 PST 2013"	"Mon Nov 18 04:00:47 PST 2013"	"Mon Nov 18 04:02:03 PST 2013"	"Mon Nov 18 04:13:32 PST 2013"	""	""	""	""	"""mustache"""	"-1"	"-1"	"5"	"2"	"0"	"0"	"1"	"0"	"""left"""	"""TRUE"""	"1"	""""""	"""1"""	"""friend"""	"5"	"0"	"""null"""	"-1"	"""logistical thinkig"""	"0"	"""2"""	"""FALSE"""	"-1"
"2I8P6AUC26DGP0J1T8M0LK0EHSA3AU"	"2J9TP9RA7S5W5UC9UXFFD0JMH00XSU"	"What is he talking about? (1-2 mins)"	"Short and fun! A 1-2 minute word game about what someone is talking about."	"experiment, psychology, game"	"$0.20"	"Mon Nov 18 03:51:30 PST 2013"	"100"	"0"	"0"	"100"	"Reviewable"	"NotReviewed"	"1 scales"	"600"	"60000"	"Mon Nov 25 03:51:30 PST 2013"	"https://requester.mturk.com/mturk/manageHIT?HITId=2I8P6AUC26DGP0J1T8M0LK0EHSA3AU"	"2BQ7QEOZFYQSK5YTIT6XXDS99TPGJT"	"A3PYW2CPW9ZZIY"	"Approved"	"Mon Nov 18 20:42:04 PST 2013"	"Mon Nov 18 03:59:55 PST 2013"	"Mon Nov 18 04:02:04 PST 2013"	"Mon Nov 18 04:13:35 PST 2013"	""	""	""	""	"""hat"""	"-1"	"-1"	"7"	"2"	"0"	"0"	"1"	"0"	"""middle"""	"""TRUE"""	"7"	"""the bubbles were clicked more than once, i couldn't undo a click. it should be 1, 5, 4 in that order for the clicks."""	"""1"""	"""friend"""	"4"	"0"	"""null"""	"-1"	"""finding out which person bob likes from what he says and our interpretation"""	"0"	"""2"""	"""FALSE"""	"-1"
"2I8P6AUC26DGP0J1T8M0LK0EHSA3AU"	"2J9TP9RA7S5W5UC9UXFFD0JMH00XSU"	"What is he talking about? (1-2 mins)"	"Short and fun! A 1-2 minute word game about what someone is talking about."	"experiment, psychology, game"	"$0.20"	"Mon Nov 18 03:51:30 PST 2013"	"100"	"0"	"0"	"100"	"Reviewable"	"NotReviewed"	"1 scales"	"600"	"60000"	"Mon Nov 25 03:51:30 PST 2013"	"https://requester.mturk.com/mturk/manageHIT?HITId=2I8P6AUC26DGP0J1T8M0LK0EHSA3AU"	"2I3727M0IGFK0676UKJVL4VNFBOEZW"	"A3IYDY7TO808Z3"	"Approved"	"Mon Nov 18 20:42:18 PST 2013"	"Mon Nov 18 04:01:20 PST 2013"	"Mon Nov 18 04:02:18 PST 2013"	"Mon Nov 18 04:13:35 PST 2013"	""	""	""	""	"""mustache"""	"-1"	"-1"	"4"	"2"	"0"	"0"	"1"	"0"	"""left"""	"""TRUE"""	"1"	""""""	"""1"""	"""friend"""	"4"	"0"	"""null"""	"-1"	"""Who is Bob's favorite friend."""	"0"	"""2"""	"""FALSE"""	"-1"
"2I8P6AUC26DGP0J1T8M0LK0EHSA3AU"	"2J9TP9RA7S5W5UC9UXFFD0JMH00XSU"	"What is he talking about? (1-2 mins)"	"Short and fun! A 1-2 minute word game about what someone is talking about."	"experiment, psychology, game"	"$0.20"	"Mon Nov 18 03:51:30 PST 2013"	"100"	"0"	"0"	"100"	"Reviewable"	"NotReviewed"	"1 scales"	"600"	"60000"	"Mon Nov 25 03:51:30 PST 2013"	"https://requester.mturk.com/mturk/manageHIT?HITId=2I8P6AUC26DGP0J1T8M0LK0EHSA3AU"	"2F3MJTUHYW2GCIFR6CJ52M1B0FGOJO"	"A2TP3RDW3QWA43"	"Approved"	"Mon Nov 18 20:42:43 PST 2013"	"Mon Nov 18 04:01:12 PST 2013"	"Mon Nov 18 04:02:43 PST 2013"	"Mon Nov 18 04:13:32 PST 2013"	""	""	""	""	"""mustache"""	"-1"	"-1"	"5"	"2"	"0"	"0"	"1"	"0"	"""left"""	"""TRUE"""	"1"	""""""	"""1"""	"""friend"""	"7"	"0"	"""null"""	"-1"	"""Bob's friends."""	"0"	"""2"""	"""FALSE"""	"-1"
"2I8P6AUC26DGP0J1T8M0LK0EHSA3AU"	"2J9TP9RA7S5W5UC9UXFFD0JMH00XSU"	"What is he talking about? (1-2 mins)"	"Short and fun! A 1-2 minute word game about what someone is talking about."	"experiment, psychology, game"	"$0.20"	"Mon Nov 18 03:51:30 PST 2013"	"100"	"0"	"0"	"100"	"Reviewable"	"NotReviewed"	"1 scales"	"600"	"60000"	"Mon Nov 25 03:51:30 PST 2013"	"https://requester.mturk.com/mturk/manageHIT?HITId=2I8P6AUC26DGP0J1T8M0LK0EHSA3AU"	"2HUJENLVWJ5O846YRLQ84MWGYVDS0I"	"A204JAK7QRDWVM"	"Approved"	"Mon Nov 18 20:43:02 PST 2013"	"Mon Nov 18 04:02:00 PST 2013"	"Mon Nov 18 04:03:02 PST 2013"	"Mon Nov 18 04:13:35 PST 2013"	""	""	""	""	"""hat"""	"-1"	"-1"	"4"	"2"	"0"	"0"	"1"	"0"	"""left"""	"""TRUE"""	"1"	""""""	"""1"""	"""friend"""	"4"	"0"	"""null"""	"-1"	"""Picking Bob's friend"""	"0"	"""2"""	"""FALSE"""	"-1"
"2I8P6AUC26DGP0J1T8M0LK0EHSA3AU"	"2J9TP9RA7S5W5UC9UXFFD0JMH00XSU"	"What is he talking about? (1-2 mins)"	"Short and fun! A 1-2 minute word game about what someone is talking about."	"experiment, psychology, game"	"$0.20"	"Mon Nov 18 03:51:30 PST 2013"	"100"	"0"	"0"	"100"	"Reviewable"	"NotReviewed"	"1 scales"	"600"	"60000"	"Mon Nov 25 03:51:30 PST 2013"	"https://requester.mturk.com/mturk/manageHIT?HITId=2I8P6AUC26DGP0J1T8M0LK0EHSA3AU"	"2BG3W5XH0JPPBB8KUJGLYP7AB2AEK9"	"AWNGOAO24ARJY"	"Approved"	"Mon Nov 18 20:43:59 PST 2013"	"Mon Nov 18 04:02:24 PST 2013"	"Mon Nov 18 04:03:59 PST 2013"	"Mon Nov 18 04:13:35 PST 2013"	""	""	""	""	"""mustache"""	"-1"	"-1"	"4"	"2"	"0"	"0"	"1"	"0"	"""right"""	"""TRUE"""	"1"	"""no"""	"""1"""	"""friend"""	"4"	"0"	"""null"""	"-1"	"""perceptions"""	"0"	"""2"""	"""FALSE"""	"-1"
"2I8P6AUC26DGP0J1T8M0LK0EHSA3AU"	"2J9TP9RA7S5W5UC9UXFFD0JMH00XSU"	"What is he talking about? (1-2 mins)"	"Short and fun! A 1-2 minute word game about what someone is talking about."	"experiment, psychology, game"	"$0.20"	"Mon Nov 18 03:51:30 PST 2013"	"100"	"0"	"0"	"100"	"Reviewable"	"NotReviewed"	"1 scales"	"600"	"60000"	"Mon Nov 25 03:51:30 PST 2013"	"https://requester.mturk.com/mturk/manageHIT?HITId=2I8P6AUC26DGP0J1T8M0LK0EHSA3AU"	"2R7L42J1LY58U087I59GLKHISNMP4F"	"A8H56XB9K7DB5"	"Approved"	"Mon Nov 18 20:44:45 PST 2013"	"Mon Nov 18 04:03:39 PST 2013"	"Mon Nov 18 04:04:45 PST 2013"	"Mon Nov 18 04:13:34 PST 2013"	""	""	""	""	"""glasses"""	"-1"	"-1"	"3"	"2"	"0"	"0"	"1"	"0"	"""left"""	"""TRUE"""	"4"	""""""	"""1"""	"""friend"""	"5"	"0"	"""null"""	"-1"	"""I haven't the slightest idea!"""	"0"	"""2"""	"""FALSE"""	"-1"
"2I8P6AUC26DGP0J1T8M0LK0EHSA3AU"	"2J9TP9RA7S5W5UC9UXFFD0JMH00XSU"	"What is he talking about? (1-2 mins)"	"Short and fun! A 1-2 minute word game about what someone is talking about."	"experiment, psychology, game"	"$0.20"	"Mon Nov 18 03:51:30 PST 2013"	"100"	"0"	"0"	"100"	"Reviewable"	"NotReviewed"	"1 scales"	"600"	"60000"	"Mon Nov 25 03:51:30 PST 2013"	"https://requester.mturk.com/mturk/manageHIT?HITId=2I8P6AUC26DGP0J1T8M0LK0EHSA3AU"	"2C8TP9RA7S5W5UC9UXFFD0JR82YXSI"	"A28GQ44QN9DIH1"	"Approved"	"Mon Nov 18 20:45:20 PST 2013"	"Mon Nov 18 04:04:12 PST 2013"	"Mon Nov 18 04:05:20 PST 2013"	"Mon Nov 18 04:13:32 PST 2013"	""	""	""	""	"""glasses"""	"-1"	"-1"	"7"	"2"	"0"	"0"	"1"	"0"	"""middle"""	"""TRUE"""	"1"	""""""	"""1"""	"""friend"""	"6"	"0"	"""null"""	"-1"	"""Bob's friends"""	"0"	"""2"""	"""FALSE"""	"-1"
"2I8P6AUC26DGP0J1T8M0LK0EHSA3AU"	"2J9TP9RA7S5W5UC9UXFFD0JMH00XSU"	"What is he talking about? (1-2 mins)"	"Short and fun! A 1-2 minute word game about what someone is talking about."	"experiment, psychology, game"	"$0.20"	"Mon Nov 18 03:51:30 PST 2013"	"100"	"0"	"0"	"100"	"Reviewable"	"NotReviewed"	"1 scales"	"600"	"60000"	"Mon Nov 25 03:51:30 PST 2013"	"https://requester.mturk.com/mturk/manageHIT?HITId=2I8P6AUC26DGP0J1T8M0LK0EHSA3AU"	"2W2ZHHRRLFQ07GTVNMSKNO9J780FOD"	"ACK6EXCD91X2"	"Approved"	"Mon Nov 18 20:45:28 PST 2013"	"Mon Nov 18 04:03:53 PST 2013"	"Mon Nov 18 04:05:28 PST 2013"	"Mon Nov 18 04:13:33 PST 2013"	""	""	""	""	"""glasses"""	"-1"	"-1"	"6"	"2"	"0"	"0"	"1"	"0"	"""right"""	"""TRUE"""	"1"	""""""	"""1"""	"""friend"""	"5"	"0"	"""null"""	"-1"	"""Which of bob's friends were his favorite. """	"0"	"""2"""	"""FALSE"""	"-1"
"2I8P6AUC26DGP0J1T8M0LK0EHSA3AU"	"2J9TP9RA7S5W5UC9UXFFD0JMH00XSU"	"What is he talking about? (1-2 mins)"	"Short and fun! A 1-2 minute word game about what someone is talking about."	"experiment, psychology, game"	"$0.20"	"Mon Nov 18 03:51:30 PST 2013"	"100"	"0"	"0"	"100"	"Reviewable"	"NotReviewed"	"1 scales"	"600"	"60000"	"Mon Nov 25 03:51:30 PST 2013"	"https://requester.mturk.com/mturk/manageHIT?HITId=2I8P6AUC26DGP0J1T8M0LK0EHSA3AU"	"2FZDZKPFE4EGWAJMYAC8O9N4NN56GD"	"A2B338ZP97RA5W"	"Approved"	"Mon Nov 18 20:45:38 PST 2013"	"Mon Nov 18 04:04:11 PST 2013"	"Mon Nov 18 04:05:38 PST 2013"	"Mon Nov 18 04:13:34 PST 2013"	""	""	""	""	"""glasses"""	"-1"	"-1"	"5"	"2"	"0"	"0"	"1"	"0"	"""right"""	"""TRUE"""	"1"	""""""	"""1"""	"""friend"""	"6"	"0"	"""null"""	"-1"	"""Guessing what bob is talking about."""	"0"	"""2"""	"""FALSE"""	"-1"
"2I8P6AUC26DGP0J1T8M0LK0EHSA3AU"	"2J9TP9RA7S5W5UC9UXFFD0JMH00XSU"	"What is he talking about? (1-2 mins)"	"Short and fun! A 1-2 minute word game about what someone is talking about."	"experiment, psychology, game"	"$0.20"	"Mon Nov 18 03:51:30 PST 2013"	"100"	"0"	"0"	"100"	"Reviewable"	"NotReviewed"	"1 scales"	"600"	"60000"	"Mon Nov 25 03:51:30 PST 2013"	"https://requester.mturk.com/mturk/manageHIT?HITId=2I8P6AUC26DGP0J1T8M0LK0EHSA3AU"	"29EAZHHRRLFQJHTNRW81QHOE5XFENE"	"A2KPT0PEUEXCC4"	"Approved"	"Mon Nov 18 20:45:57 PST 2013"	"Mon Nov 18 04:03:14 PST 2013"	"Mon Nov 18 04:05:57 PST 2013"	"Mon Nov 18 04:13:32 PST 2013"	""	""	""	""	"""mustache"""	"-1"	"-1"	"7"	"2"	"0"	"0"	"1"	"0"	"""middle"""	"""TRUE"""	"4"	""""""	"""1"""	"""friend"""	"6"	"0"	"""null"""	"-1"	"""opinions on personal judgement"""	"0"	"""2"""	"""FALSE"""	"-1"
"2I8P6AUC26DGP0J1T8M0LK0EHSA3AU"	"2J9TP9RA7S5W5UC9UXFFD0JMH00XSU"	"What is he talking about? (1-2 mins)"	"Short and fun! A 1-2 minute word game about what someone is talking about."	"experiment, psychology, game"	"$0.20"	"Mon Nov 18 03:51:30 PST 2013"	"100"	"0"	"0"	"100"	"Reviewable"	"NotReviewed"	"1 scales"	"600"	"60000"	"Mon Nov 25 03:51:30 PST 2013"	"https://requester.mturk.com/mturk/manageHIT?HITId=2I8P6AUC26DGP0J1T8M0LK0EHSA3AU"	"2I988MQU6L5OUOIIXWOXAAIO6O5CV1"	"A7HJ206MCGJ18"	"Approved"	"Mon Nov 18 20:46:04 PST 2013"	"Mon Nov 18 04:04:10 PST 2013"	"Mon Nov 18 04:06:04 PST 2013"	"Mon Nov 18 04:13:34 PST 2013"	""	""	""	""	"""mustache"""	"-1"	"-1"	"6"	"2"	"0"	"0"	"1"	"0"	"""right"""	"""TRUE"""	"1"	"""none"""	"""1"""	"""friend"""	"6"	"0"	"""null"""	"-1"	"""Who was Bob's favorite friend."""	"0"	"""2"""	"""FALSE"""	"-1"
"2I8P6AUC26DGP0J1T8M0LK0EHSA3AU"	"2J9TP9RA7S5W5UC9UXFFD0JMH00XSU"	"What is he talking about? (1-2 mins)"	"Short and fun! A 1-2 minute word game about what someone is talking about."	"experiment, psychology, game"	"$0.20"	"Mon Nov 18 03:51:30 PST 2013"	"100"	"0"	"0"	"100"	"Reviewable"	"NotReviewed"	"1 scales"	"600"	"60000"	"Mon Nov 25 03:51:30 PST 2013"	"https://requester.mturk.com/mturk/manageHIT?HITId=2I8P6AUC26DGP0J1T8M0LK0EHSA3AU"	"2CWSMEZZ2MIK5GFU4U0Y98T1NE75M5"	"A1GPZ5REMDQZ0L"	"Approved"	"Mon Nov 18 20:46:38 PST 2013"	"Mon Nov 18 04:05:47 PST 2013"	"Mon Nov 18 04:06:38 PST 2013"	"Mon Nov 18 04:13:35 PST 2013"	""	""	""	""	"""hat"""	"-1"	"-1"	"4"	"2"	"0"	"0"	"1"	"0"	"""middle"""	"""TRUE"""	"3"	"""No."""	"""1"""	"""friend"""	"6"	"0"	"""null"""	"-1"	"""Friends."""	"0"	"""2"""	"""FALSE"""	"-1"
"2I8P6AUC26DGP0J1T8M0LK0EHSA3AU"	"2J9TP9RA7S5W5UC9UXFFD0JMH00XSU"	"What is he talking about? (1-2 mins)"	"Short and fun! A 1-2 minute word game about what someone is talking about."	"experiment, psychology, game"	"$0.20"	"Mon Nov 18 03:51:30 PST 2013"	"100"	"0"	"0"	"100"	"Reviewable"	"NotReviewed"	"1 scales"	"600"	"60000"	"Mon Nov 25 03:51:30 PST 2013"	"https://requester.mturk.com/mturk/manageHIT?HITId=2I8P6AUC26DGP0J1T8M0LK0EHSA3AU"	"2UMDD8XMB3Q3SS6B2ZKOCT4JM9IQFW"	"ANA3B41YVT01O"	"Approved"	"Mon Nov 18 20:46:53 PST 2013"	"Mon Nov 18 04:06:08 PST 2013"	"Mon Nov 18 04:06:53 PST 2013"	"Mon Nov 18 04:13:56 PST 2013"	""	""	""	""	"""glasses"""	"-1"	"-1"	"7"	"2"	"0"	"0"	"1"	"0"	"""left"""	"""TRUE"""	"1"	""""""	"""1"""	"""friend"""	"5"	"0"	"""null"""	"-1"	"""his friends"""	"0"	"""2"""	"""FALSE"""	"-1"
"2I8P6AUC26DGP0J1T8M0LK0EHSA3AU"	"2J9TP9RA7S5W5UC9UXFFD0JMH00XSU"	"What is he talking about? (1-2 mins)"	"Short and fun! A 1-2 minute word game about what someone is talking about."	"experiment, psychology, game"	"$0.20"	"Mon Nov 18 03:51:30 PST 2013"	"100"	"0"	"0"	"100"	"Reviewable"	"NotReviewed"	"1 scales"	"600"	"60000"	"Mon Nov 25 03:51:30 PST 2013"	"https://requester.mturk.com/mturk/manageHIT?HITId=2I8P6AUC26DGP0J1T8M0LK0EHSA3AU"	"2GJ70G5R98D82W1E31JSZNYH7KBCSW"	"A2S2CFB8833AQH"	"Approved"	"Mon Nov 18 20:46:57 PST 2013"	"Mon Nov 18 04:04:00 PST 2013"	"Mon Nov 18 04:06:57 PST 2013"	"Mon Nov 18 04:13:57 PST 2013"	""	""	""	""	"""hat"""	"-1"	"-1"	"4"	"2"	"0"	"0"	"1"	"0"	"""middle"""	"""TRUE"""	"1"	"""Very odd"""	"""1"""	"""friend"""	"4"	"0"	"""null"""	"-1"	"""Figuring out Bob's friend."""	"0"	"""2"""	"""FALSE"""	"-1"
"2I8P6AUC26DGP0J1T8M0LK0EHSA3AU"	"2J9TP9RA7S5W5UC9UXFFD0JMH00XSU"	"What is he talking about? (1-2 mins)"	"Short and fun! A 1-2 minute word game about what someone is talking about."	"experiment, psychology, game"	"$0.20"	"Mon Nov 18 03:51:30 PST 2013"	"100"	"0"	"0"	"100"	"Reviewable"	"NotReviewed"	"1 scales"	"600"	"60000"	"Mon Nov 25 03:51:30 PST 2013"	"https://requester.mturk.com/mturk/manageHIT?HITId=2I8P6AUC26DGP0J1T8M0LK0EHSA3AU"	"2VQHVI44OS2K4NEDJJQSHAPA2IP5ZM"	"A22KSWL724MR61"	"Approved"	"Mon Nov 18 20:47:57 PST 2013"	"Mon Nov 18 04:07:12 PST 2013"	"Mon Nov 18 04:07:57 PST 2013"	"Mon Nov 18 04:13:56 PST 2013"	""	""	""	""	"""hat"""	"-1"	"-1"	"6"	"2"	"0"	"0"	"1"	"0"	"""middle"""	"""FALSE"""	"3"	""""""	"""1"""	"""friend"""	"5"	"0"	"""null"""	"-1"	"""His friends that he likes."""	"0"	"""2"""	"""FALSE"""	"-1"
"2I8P6AUC26DGP0J1T8M0LK0EHSA3AU"	"2J9TP9RA7S5W5UC9UXFFD0JMH00XSU"	"What is he talking about? (1-2 mins)"	"Short and fun! A 1-2 minute word game about what someone is talking about."	"experiment, psychology, game"	"$0.20"	"Mon Nov 18 03:51:30 PST 2013"	"100"	"0"	"0"	"100"	"Reviewable"	"NotReviewed"	"1 scales"	"600"	"60000"	"Mon Nov 25 03:51:30 PST 2013"	"https://requester.mturk.com/mturk/manageHIT?HITId=2I8P6AUC26DGP0J1T8M0LK0EHSA3AU"	"2SL3HVWAVKI6LGPQY6Y2599V8N0GOD"	"AGPBP85B17VXL"	"Approved"	"Mon Nov 18 20:48:34 PST 2013"	"Mon Nov 18 04:07:45 PST 2013"	"Mon Nov 18 04:08:34 PST 2013"	"Mon Nov 18 04:13:57 PST 2013"	""	""	""	""	"""hat"""	"-1"	"-1"	"5"	"2"	"0"	"0"	"1"	"0"	"""middle"""	"""TRUE"""	"3"	"""NA"""	"""1"""	"""friend"""	"7"	"0"	"""null"""	"-1"	"""Who bob would visit"""	"0"	"""2"""	"""FALSE"""	"-1"
"2I8P6AUC26DGP0J1T8M0LK0EHSA3AU"	"2J9TP9RA7S5W5UC9UXFFD0JMH00XSU"	"What is he talking about? (1-2 mins)"	"Short and fun! A 1-2 minute word game about what someone is talking about."	"experiment, psychology, game"	"$0.20"	"Mon Nov 18 03:51:30 PST 2013"	"100"	"0"	"0"	"100"	"Reviewable"	"NotReviewed"	"1 scales"	"600"	"60000"	"Mon Nov 25 03:51:30 PST 2013"	"https://requester.mturk.com/mturk/manageHIT?HITId=2I8P6AUC26DGP0J1T8M0LK0EHSA3AU"	"2RX7DZKPFE4EZ6NDI7WLEI9SQDV5FY"	"A2LVGE0TI3E7Q9"	"Approved"	"Mon Nov 18 20:48:53 PST 2013"	"Mon Nov 18 04:05:33 PST 2013"	"Mon Nov 18 04:08:53 PST 2013"	"Mon Nov 18 04:13:57 PST 2013"	""	""	""	""	"""glasses"""	"-1"	"-1"	"5"	"2"	"0"	"0"	"1"	"0"	"""left"""	"""TRUE"""	"1"	"""none, thank you"""	"""1"""	"""friend"""	"5"	"0"	"""null"""	"-1"	"""discerning what a statement means in similar choices"""	"0"	"""2"""	"""FALSE"""	"-1"
"2I8P6AUC26DGP0J1T8M0LK0EHSA3AU"	"2J9TP9RA7S5W5UC9UXFFD0JMH00XSU"	"What is he talking about? (1-2 mins)"	"Short and fun! A 1-2 minute word game about what someone is talking about."	"experiment, psychology, game"	"$0.20"	"Mon Nov 18 03:51:30 PST 2013"	"100"	"0"	"0"	"100"	"Reviewable"	"NotReviewed"	"1 scales"	"600"	"60000"	"Mon Nov 25 03:51:30 PST 2013"	"https://requester.mturk.com/mturk/manageHIT?HITId=2I8P6AUC26DGP0J1T8M0LK0EHSA3AU"	"2E66AUBXHWSHQ8R9502Z2DRQOMYZ3Q"	"AIUKV0KVALMY6"	"Approved"	"Mon Nov 18 20:49:10 PST 2013"	"Mon Nov 18 04:08:17 PST 2013"	"Mon Nov 18 04:09:10 PST 2013"	"Mon Nov 18 04:13:58 PST 2013"	""	""	""	""	"""mustache"""	"-1"	"-1"	"6"	"2"	"0"	"0"	"1"	"0"	"""middle"""	"""TRUE"""	"3"	""""""	"""2"""	"""friend"""	"6"	"0"	"""null"""	"-1"	"""Bobs friends"""	"0"	"""4"""	"""FALSE"""	"-1"
"2I8P6AUC26DGP0J1T8M0LK0EHSA3AU"	"2J9TP9RA7S5W5UC9UXFFD0JMH00XSU"	"What is he talking about? (1-2 mins)"	"Short and fun! A 1-2 minute word game about what someone is talking about."	"experiment, psychology, game"	"$0.20"	"Mon Nov 18 03:51:30 PST 2013"	"100"	"0"	"0"	"100"	"Reviewable"	"NotReviewed"	"1 scales"	"600"	"60000"	"Mon Nov 25 03:51:30 PST 2013"	"https://requester.mturk.com/mturk/manageHIT?HITId=2I8P6AUC26DGP0J1T8M0LK0EHSA3AU"	"2DI39Z0B6UTOPMAERXKVXKGUN9LNY3"	"A33SMNMTMIOJ6T"	"Approved"	"Mon Nov 18 20:49:17 PST 2013"	"Mon Nov 18 04:08:12 PST 2013"	"Mon Nov 18 04:09:17 PST 2013"	"Mon Nov 18 04:13:57 PST 2013"	""	""	""	""	"""hat"""	"-1"	"-1"	"6"	"2"	"0"	"0"	"1"	"0"	"""middle"""	"""TRUE"""	"1"	""""""	"""1"""	"""friend"""	"6"	"0"	"""null"""	"-1"	"""Determining how people make judgments with insufficient information."""	"0"	"""2"""	"""FALSE"""	"-1"
"2I8P6AUC26DGP0J1T8M0LK0EHSA3AU"	"2J9TP9RA7S5W5UC9UXFFD0JMH00XSU"	"What is he talking about? (1-2 mins)"	"Short and fun! A 1-2 minute word game about what someone is talking about."	"experiment, psychology, game"	"$0.20"	"Mon Nov 18 03:51:30 PST 2013"	"100"	"0"	"0"	"100"	"Reviewable"	"NotReviewed"	"1 scales"	"600"	"60000"	"Mon Nov 25 03:51:30 PST 2013"	"https://requester.mturk.com/mturk/manageHIT?HITId=2I8P6AUC26DGP0J1T8M0LK0EHSA3AU"	"22TCSTMOFXRDBXOCXJPDTXJKDIQQT4"	"A348KKMBQHGONC"	"Approved"	"Mon Nov 18 20:50:18 PST 2013"	"Mon Nov 18 04:07:46 PST 2013"	"Mon Nov 18 04:10:18 PST 2013"	"Mon Nov 18 04:13:57 PST 2013"	""	""	""	""	"""glasses"""	"-1"	"-1"	"7"	"2"	"0"	"0"	"1"	"0"	"""left"""	"""TRUE"""	"1"	""""""	"""1"""	"""friend"""	"5"	"0"	"""null"""	"-1"	"""Figuring out Bob's favorite friend."""	"0"	"""2"""	"""FALSE"""	"-1"
"2I8P6AUC26DGP0J1T8M0LK0EHSA3AU"	"2J9TP9RA7S5W5UC9UXFFD0JMH00XSU"	"What is he talking about? (1-2 mins)"	"Short and fun! A 1-2 minute word game about what someone is talking about."	"experiment, psychology, game"	"$0.20"	"Mon Nov 18 03:51:30 PST 2013"	"100"	"0"	"0"	"100"	"Reviewable"	"NotReviewed"	"1 scales"	"600"	"60000"	"Mon Nov 25 03:51:30 PST 2013"	"https://requester.mturk.com/mturk/manageHIT?HITId=2I8P6AUC26DGP0J1T8M0LK0EHSA3AU"	"28U4E6AUBXHWBADFHE0VHZWII2N1X4"	"A29PB2C8XD8TVG"	"Approved"	"Mon Nov 18 20:50:44 PST 2013"	"Mon Nov 18 04:09:26 PST 2013"	"Mon Nov 18 04:10:44 PST 2013"	"Mon Nov 18 04:13:58 PST 2013"	""	""	""	""	"""mustache"""	"-1"	"-1"	"6"	"2"	"0"	"0"	"1"	"0"	"""left"""	"""TRUE"""	"1"	""""""	"""1"""	"""friend"""	"6"	"0"	"""null"""	"-1"	"""How we perceive different visuals"""	"0"	"""2"""	"""FALSE"""	"-1"
"2I8P6AUC26DGP0J1T8M0LK0EHSA3AU"	"2J9TP9RA7S5W5UC9UXFFD0JMH00XSU"	"What is he talking about? (1-2 mins)"	"Short and fun! A 1-2 minute word game about what someone is talking about."	"experiment, psychology, game"	"$0.20"	"Mon Nov 18 03:51:30 PST 2013"	"100"	"0"	"0"	"100"	"Reviewable"	"NotReviewed"	"1 scales"	"600"	"60000"	"Mon Nov 25 03:51:30 PST 2013"	"https://requester.mturk.com/mturk/manageHIT?HITId=2I8P6AUC26DGP0J1T8M0LK0EHSA3AU"	"2FTY7QEOZFYQBUISPRFF3RDXVZ2FIJ"	"A259VM9OLD0RGN"	"Approved"	"Mon Nov 18 20:53:42 PST 2013"	"Mon Nov 18 04:11:42 PST 2013"	"Mon Nov 18 04:13:42 PST 2013"	"Mon Nov 18 04:14:20 PST 2013"	""	""	""	""	"""mustache"""	"-1"	"-1"	"7"	"2"	"0"	"0"	"1"	"0"	"""middle"""	"""TRUE"""	"4"	"""No other comments at this time."""	"""1"""	"""friend"""	"5"	"0"	"""null"""	"-1"	"""Making a judgements about Bob and who was his favorite friend."""	"0"	"""2"""	"""FALSE"""	"-1"
"2I8P6AUC26DGP0J1T8M0LK0EHSA3AU"	"2J9TP9RA7S5W5UC9UXFFD0JMH00XSU"	"What is he talking about? (1-2 mins)"	"Short and fun! A 1-2 minute word game about what someone is talking about."	"experiment, psychology, game"	"$0.20"	"Mon Nov 18 03:51:30 PST 2013"	"100"	"0"	"0"	"100"	"Reviewable"	"NotReviewed"	"1 scales"	"600"	"60000"	"Mon Nov 25 03:51:30 PST 2013"	"https://requester.mturk.com/mturk/manageHIT?HITId=2I8P6AUC26DGP0J1T8M0LK0EHSA3AU"	"2NTX3V0FK0CO3VPEXRYPQK9QIDWNG6"	"A25VDZQDMBOYK5"	"Approved"	"Mon Nov 18 20:53:58 PST 2013"	"Mon Nov 18 04:12:39 PST 2013"	"Mon Nov 18 04:13:58 PST 2013"	"Mon Nov 18 04:14:37 PST 2013"	""	""	""	""	"""hat"""	"-1"	"-1"	"4"	"2"	"0"	"0"	"1"	"0"	"""left"""	"""FALSE"""	"1"	""""""	"""1"""	"""friend"""	"4"	"0"	"""null"""	"-1"	"""judgements"""	"0"	"""2"""	"""FALSE"""	"-1"
"2I8P6AUC26DGP0J1T8M0LK0EHSA3AU"	"2J9TP9RA7S5W5UC9UXFFD0JMH00XSU"	"What is he talking about? (1-2 mins)"	"Short and fun! A 1-2 minute word game about what someone is talking about."	"experiment, psychology, game"	"$0.20"	"Mon Nov 18 03:51:30 PST 2013"	"100"	"0"	"0"	"100"	"Reviewable"	"NotReviewed"	"1 scales"	"600"	"60000"	"Mon Nov 25 03:51:30 PST 2013"	"https://requester.mturk.com/mturk/manageHIT?HITId=2I8P6AUC26DGP0J1T8M0LK0EHSA3AU"	"2K5ZXR24SMEZIVSIGRE908PEPKY0H7"	"A18N4322R4JPE0"	"Approved"	"Mon Nov 18 20:54:25 PST 2013"	"Mon Nov 18 04:13:07 PST 2013"	"Mon Nov 18 04:14:25 PST 2013"	"Mon Nov 18 09:40:16 PST 2013"	""	""	""	""	"""hat"""	"-1"	"-1"	"7"	"2"	"0"	"0"	"1"	"0"	"""right"""	"""TRUE"""	"5"	""""""	"""1"""	"""friend"""	"6"	"0"	"""null"""	"-1"	"""asking about his friends"""	"0"	"""2"""	"""FALSE"""	"-1"
"2I8P6AUC26DGP0J1T8M0LK0EHSA3AU"	"2J9TP9RA7S5W5UC9UXFFD0JMH00XSU"	"What is he talking about? (1-2 mins)"	"Short and fun! A 1-2 minute word game about what someone is talking about."	"experiment, psychology, game"	"$0.20"	"Mon Nov 18 03:51:30 PST 2013"	"100"	"0"	"0"	"100"	"Reviewable"	"NotReviewed"	"1 scales"	"600"	"60000"	"Mon Nov 25 03:51:30 PST 2013"	"https://requester.mturk.com/mturk/manageHIT?HITId=2I8P6AUC26DGP0J1T8M0LK0EHSA3AU"	"23QMNCWYB49FSLYSD2S1PONXKM7NR2"	"A3G55RJTW3BSGM"	"Approved"	"Mon Nov 18 20:54:30 PST 2013"	"Mon Nov 18 04:13:38 PST 2013"	"Mon Nov 18 04:14:30 PST 2013"	"Mon Nov 18 09:40:16 PST 2013"	""	""	""	""	"""hat"""	"-1"	"-1"	"6"	"2"	"0"	"0"	"1"	"0"	"""right"""	"""TRUE"""	"1"	""""""	"""1"""	"""friend"""	"4"	"0"	"""null"""	"-1"	"""Bob's favorite friend"""	"0"	"""2"""	"""FALSE"""	"-1"
"2I8P6AUC26DGP0J1T8M0LK0EHSA3AU"	"2J9TP9RA7S5W5UC9UXFFD0JMH00XSU"	"What is he talking about? (1-2 mins)"	"Short and fun! A 1-2 minute word game about what someone is talking about."	"experiment, psychology, game"	"$0.20"	"Mon Nov 18 03:51:30 PST 2013"	"100"	"0"	"0"	"100"	"Reviewable"	"NotReviewed"	"1 scales"	"600"	"60000"	"Mon Nov 25 03:51:30 PST 2013"	"https://requester.mturk.com/mturk/manageHIT?HITId=2I8P6AUC26DGP0J1T8M0LK0EHSA3AU"	"2KUSEIUUU00O9DQA0N9SES2ZTNXSS6"	"AP7XLA3LGMP3I"	"Approved"	"Mon Nov 18 20:54:34 PST 2013"	"Mon Nov 18 04:13:32 PST 2013"	"Mon Nov 18 04:14:34 PST 2013"	"Mon Nov 18 09:40:16 PST 2013"	""	""	""	""	"""glasses"""	"-1"	"-1"	"4"	"2"	"0"	"0"	"1"	"0"	"""right"""	"""TRUE"""	"1"	""""""	"""1"""	"""friend"""	"4"	"0"	"""null"""	"-1"	"""choosing bob's friend"""	"0"	"""2"""	"""FALSE"""	"-1"
"2I8P6AUC26DGP0J1T8M0LK0EHSA3AU"	"2J9TP9RA7S5W5UC9UXFFD0JMH00XSU"	"What is he talking about? (1-2 mins)"	"Short and fun! A 1-2 minute word game about what someone is talking about."	"experiment, psychology, game"	"$0.20"	"Mon Nov 18 03:51:30 PST 2013"	"100"	"0"	"0"	"100"	"Reviewable"	"NotReviewed"	"1 scales"	"600"	"60000"	"Mon Nov 25 03:51:30 PST 2013"	"https://requester.mturk.com/mturk/manageHIT?HITId=2I8P6AUC26DGP0J1T8M0LK0EHSA3AU"	"2XIYN5F3Q0JGOM4MJHNYH49K09HBF5"	"A3GW3MPLVGG7PZ"	"Approved"	"Mon Nov 18 20:55:12 PST 2013"	"Mon Nov 18 04:10:18 PST 2013"	"Mon Nov 18 04:15:12 PST 2013"	"Mon Nov 18 09:40:17 PST 2013"	""	""	""	""	"""hat"""	"-1"	"-1"	"7"	"2"	"0"	"0"	"1"	"0"	"""left"""	"""TRUE"""	"1"	""""""	"""1"""	"""friend"""	"4"	"0"	"""null"""	"-1"	"""HIS FAV FRIEND"""	"0"	"""2"""	"""FALSE"""	"-1"
"2I8P6AUC26DGP0J1T8M0LK0EHSA3AU"	"2J9TP9RA7S5W5UC9UXFFD0JMH00XSU"	"What is he talking about? (1-2 mins)"	"Short and fun! A 1-2 minute word game about what someone is talking about."	"experiment, psychology, game"	"$0.20"	"Mon Nov 18 03:51:30 PST 2013"	"100"	"0"	"0"	"100"	"Reviewable"	"NotReviewed"	"1 scales"	"600"	"60000"	"Mon Nov 25 03:51:30 PST 2013"	"https://requester.mturk.com/mturk/manageHIT?HITId=2I8P6AUC26DGP0J1T8M0LK0EHSA3AU"	"20M8Y1THV8ERSRETJP9M5SMABW70NG"	"A2YBQF3CK3W714"	"Approved"	"Mon Nov 18 20:56:51 PST 2013"	"Mon Nov 18 04:14:15 PST 2013"	"Mon Nov 18 04:16:51 PST 2013"	"Mon Nov 18 09:40:17 PST 2013"	""	""	""	""	"""mustache"""	"-1"	"-1"	"6"	"2"	"0"	"0"	"1"	"0"	"""left"""	"""TRUE"""	"1"	""""""	"""1"""	"""friend"""	"7"	"0"	"""null"""	"-1"	"""finding out what a person means"""	"0"	"""2"""	"""FALSE"""	"-1"
"2I8P6AUC26DGP0J1T8M0LK0EHSA3AU"	"2J9TP9RA7S5W5UC9UXFFD0JMH00XSU"	"What is he talking about? (1-2 mins)"	"Short and fun! A 1-2 minute word game about what someone is talking about."	"experiment, psychology, game"	"$0.20"	"Mon Nov 18 03:51:30 PST 2013"	"100"	"0"	"0"	"100"	"Reviewable"	"NotReviewed"	"1 scales"	"600"	"60000"	"Mon Nov 25 03:51:30 PST 2013"	"https://requester.mturk.com/mturk/manageHIT?HITId=2I8P6AUC26DGP0J1T8M0LK0EHSA3AU"	"2E6GDHDM25L812TZSB8E56OJV7MOE5"	"ABT4XCTQZJ0CP"	"Approved"	"Mon Nov 18 20:57:24 PST 2013"	"Mon Nov 18 04:16:51 PST 2013"	"Mon Nov 18 04:17:24 PST 2013"	"Mon Nov 18 09:40:16 PST 2013"	""	""	""	""	"""hat"""	"-1"	"-1"	"6"	"2"	"0"	"0"	"1"	"0"	"""right"""	"""TRUE"""	"1"	""""""	"""1"""	"""friend"""	"6"	"0"	"""null"""	"-1"	"""Language"""	"0"	"""2"""	"""FALSE"""	"-1"
"2I8P6AUC26DGP0J1T8M0LK0EHSA3AU"	"2J9TP9RA7S5W5UC9UXFFD0JMH00XSU"	"What is he talking about? (1-2 mins)"	"Short and fun! A 1-2 minute word game about what someone is talking about."	"experiment, psychology, game"	"$0.20"	"Mon Nov 18 03:51:30 PST 2013"	"100"	"0"	"0"	"100"	"Reviewable"	"NotReviewed"	"1 scales"	"600"	"60000"	"Mon Nov 25 03:51:30 PST 2013"	"https://requester.mturk.com/mturk/manageHIT?HITId=2I8P6AUC26DGP0J1T8M0LK0EHSA3AU"	"2QMLF395SW6NZULSZSPNPBYKSWPESS"	"A2EEUQ0YY2XIU"	"Approved"	"Mon Nov 18 20:58:55 PST 2013"	"Mon Nov 18 04:17:53 PST 2013"	"Mon Nov 18 04:18:55 PST 2013"	"Mon Nov 18 09:40:16 PST 2013"	""	""	""	""	"""glasses"""	"-1"	"-1"	"5"	"2"	"0"	"0"	"1"	"0"	"""left"""	"""TRUE"""	"1"	"""No. """	"""1"""	"""friend"""	"5"	"0"	"""null"""	"-1"	"""I'm not sure. """	"0"	"""2"""	"""FALSE"""	"-1"
"2I8P6AUC26DGP0J1T8M0LK0EHSA3AU"	"2J9TP9RA7S5W5UC9UXFFD0JMH00XSU"	"What is he talking about? (1-2 mins)"	"Short and fun! A 1-2 minute word game about what someone is talking about."	"experiment, psychology, game"	"$0.20"	"Mon Nov 18 03:51:30 PST 2013"	"100"	"0"	"0"	"100"	"Reviewable"	"NotReviewed"	"1 scales"	"600"	"60000"	"Mon Nov 25 03:51:30 PST 2013"	"https://requester.mturk.com/mturk/manageHIT?HITId=2I8P6AUC26DGP0J1T8M0LK0EHSA3AU"	"2QQQ4J3NAB6BYFLFK3PIZ1TO6U6REH"	"A3MZ9RQJX9T656"	"Approved"	"Mon Nov 18 20:59:54 PST 2013"	"Mon Nov 18 04:18:42 PST 2013"	"Mon Nov 18 04:19:54 PST 2013"	"Mon Nov 18 09:40:17 PST 2013"	""	""	""	""	"""hat"""	"-1"	"-1"	"7"	"2"	"0"	"0"	"1"	"0"	"""left"""	"""TRUE"""	"1"	"""Thanks!"""	"""1"""	"""friend"""	"5"	"0"	"""null"""	"-1"	"""I'm not sure."""	"0"	"""2"""	"""FALSE"""	"-1"
"2I8P6AUC26DGP0J1T8M0LK0EHSA3AU"	"2J9TP9RA7S5W5UC9UXFFD0JMH00XSU"	"What is he talking about? (1-2 mins)"	"Short and fun! A 1-2 minute word game about what someone is talking about."	"experiment, psychology, game"	"$0.20"	"Mon Nov 18 03:51:30 PST 2013"	"100"	"0"	"0"	"100"	"Reviewable"	"NotReviewed"	"1 scales"	"600"	"60000"	"Mon Nov 25 03:51:30 PST 2013"	"https://requester.mturk.com/mturk/manageHIT?HITId=2I8P6AUC26DGP0J1T8M0LK0EHSA3AU"	"2XB92NJKM05B5CZUD3N2MTPEIRYFAG"	"ATHS9GUME1XCA"	"Approved"	"Mon Nov 18 21:00:34 PST 2013"	"Mon Nov 18 04:19:46 PST 2013"	"Mon Nov 18 04:20:34 PST 2013"	"Mon Nov 18 09:40:17 PST 2013"	""	""	""	""	"""mustache"""	"-1"	"-1"	"3"	"2"	"0"	"0"	"1"	"0"	"""middle"""	"""TRUE"""	"1"	""""""	"""1"""	"""friend"""	"5"	"0"	"""null"""	"-1"	"""bobs friends"""	"0"	"""2"""	"""FALSE"""	"-1"
"2I8P6AUC26DGP0J1T8M0LK0EHSA3AU"	"2J9TP9RA7S5W5UC9UXFFD0JMH00XSU"	"What is he talking about? (1-2 mins)"	"Short and fun! A 1-2 minute word game about what someone is talking about."	"experiment, psychology, game"	"$0.20"	"Mon Nov 18 03:51:30 PST 2013"	"100"	"0"	"0"	"100"	"Reviewable"	"NotReviewed"	"1 scales"	"600"	"60000"	"Mon Nov 25 03:51:30 PST 2013"	"https://requester.mturk.com/mturk/manageHIT?HITId=2I8P6AUC26DGP0J1T8M0LK0EHSA3AU"	"2UG2L92HECWAPQ9YKH3F6CPABEFHIJ"	"A10IHZ0KF3B4NA"	"Approved"	"Mon Nov 18 21:00:35 PST 2013"	"Mon Nov 18 04:19:31 PST 2013"	"Mon Nov 18 04:20:35 PST 2013"	"Mon Nov 18 09:40:17 PST 2013"	""	""	""	""	"""mustache"""	"-1"	"-1"	"4"	"2"	"0"	"0"	"1"	"0"	"""left"""	"""TRUE"""	"1"	""""""	"""1"""	"""friend"""	"4"	"0"	"""null"""	"-1"	"""who did bob meet"""	"0"	"""2"""	"""FALSE"""	"-1"
"2I8P6AUC26DGP0J1T8M0LK0EHSA3AU"	"2J9TP9RA7S5W5UC9UXFFD0JMH00XSU"	"What is he talking about? (1-2 mins)"	"Short and fun! A 1-2 minute word game about what someone is talking about."	"experiment, psychology, game"	"$0.20"	"Mon Nov 18 03:51:30 PST 2013"	"100"	"0"	"0"	"100"	"Reviewable"	"NotReviewed"	"1 scales"	"600"	"60000"	"Mon Nov 25 03:51:30 PST 2013"	"https://requester.mturk.com/mturk/manageHIT?HITId=2I8P6AUC26DGP0J1T8M0LK0EHSA3AU"	"2R6CWA6X3YOCV86CLABXVTIS9ZONOU"	"AGJ6958FU8A4N"	"Approved"	"Mon Nov 18 21:01:46 PST 2013"	"Mon Nov 18 04:20:31 PST 2013"	"Mon Nov 18 04:21:46 PST 2013"	"Mon Nov 18 09:40:17 PST 2013"	""	""	""	""	"""mustache"""	"-1"	"-1"	"6"	"2"	"0"	"0"	"1"	"0"	"""right"""	"""TRUE"""	"4"	"""none"""	"""1"""	"""friend"""	"6"	"0"	"""null"""	"-1"	"""his friend with a mustache """	"0"	"""2"""	"""FALSE"""	"-1"
"2I8P6AUC26DGP0J1T8M0LK0EHSA3AU"	"2J9TP9RA7S5W5UC9UXFFD0JMH00XSU"	"What is he talking about? (1-2 mins)"	"Short and fun! A 1-2 minute word game about what someone is talking about."	"experiment, psychology, game"	"$0.20"	"Mon Nov 18 03:51:30 PST 2013"	"100"	"0"	"0"	"100"	"Reviewable"	"NotReviewed"	"1 scales"	"600"	"60000"	"Mon Nov 25 03:51:30 PST 2013"	"https://requester.mturk.com/mturk/manageHIT?HITId=2I8P6AUC26DGP0J1T8M0LK0EHSA3AU"	"2SUKYEPLSP753ES6SOUOGHQJHCAWQ2"	"A26JIHKBORI9X"	"Approved"	"Mon Nov 18 21:08:14 PST 2013"	"Mon Nov 18 04:27:06 PST 2013"	"Mon Nov 18 04:28:14 PST 2013"	"Mon Nov 18 09:40:17 PST 2013"	""	""	""	""	"""hat"""	"-1"	"-1"	"5"	"2"	"0"	"0"	"1"	"0"	"""left"""	"""TRUE"""	"1"	""""""	"""1"""	"""friend"""	"5"	"0"	"""null"""	"-1"	"""Picking someone based on a description."""	"0"	"""2"""	"""FALSE"""	"-1"
"2I8P6AUC26DGP0J1T8M0LK0EHSA3AU"	"2J9TP9RA7S5W5UC9UXFFD0JMH00XSU"	"What is he talking about? (1-2 mins)"	"Short and fun! A 1-2 minute word game about what someone is talking about."	"experiment, psychology, game"	"$0.20"	"Mon Nov 18 03:51:30 PST 2013"	"100"	"0"	"0"	"100"	"Reviewable"	"NotReviewed"	"1 scales"	"600"	"60000"	"Mon Nov 25 03:51:30 PST 2013"	"https://requester.mturk.com/mturk/manageHIT?HITId=2I8P6AUC26DGP0J1T8M0LK0EHSA3AU"	"2W6ZZ2MIKMN9D1V9U8ZT2WXNUBJP8R"	"AQX63TXTLZYG2"	"Approved"	"Tue Nov 19 02:55:42 PST 2013"	"Mon Nov 18 10:14:20 PST 2013"	"Mon Nov 18 10:15:42 PST 2013"	"Mon Nov 18 10:21:09 PST 2013"	""	""	""	""	"""peppers"""	"-1"	"-1"	"7"	"2"	"0"	"0"	"1"	"0"	"""right"""	"""TRUE"""	"1"	""""""	"""1"""	"""pizza"""	"5"	"0"	"""null"""	"-1"	"""What Type of Pizza Bob likes and which one we think is his favorite. """	"0"	"""2"""	"""FALSE"""	"-1"
"2I8P6AUC26DGP0J1T8M0LK0EHSA3AU"	"2J9TP9RA7S5W5UC9UXFFD0JMH00XSU"	"What is he talking about? (1-2 mins)"	"Short and fun! A 1-2 minute word game about what someone is talking about."	"experiment, psychology, game"	"$0.20"	"Mon Nov 18 03:51:30 PST 2013"	"100"	"0"	"0"	"100"	"Reviewable"	"NotReviewed"	"1 scales"	"600"	"60000"	"Mon Nov 25 03:51:30 PST 2013"	"https://requester.mturk.com/mturk/manageHIT?HITId=2I8P6AUC26DGP0J1T8M0LK0EHSA3AU"	"262VKI62NJQ2K08Z5EHHCBKQ3E6LTH"	"A1K0TANCR2KNO7"	"Approved"	"Tue Nov 19 03:06:17 PST 2013"	"Mon Nov 18 10:25:46 PST 2013"	"Mon Nov 18 10:26:17 PST 2013"	"Mon Nov 18 10:32:07 PST 2013"	""	""	""	""	"""mushrooms"""	"-1"	"-1"	"6"	"2"	"0"	"0"	"1"	"0"	"""left"""	"""TRUE"""	"4"	""""""	"""1"""	"""pizza"""	"3"	"0"	"""null"""	"-1"	"""pizza"""	"0"	"""2"""	"""FALSE"""	"-1"
"2I8P6AUC26DGP0J1T8M0LK0EHSA3AU"	"2J9TP9RA7S5W5UC9UXFFD0JMH00XSU"	"What is he talking about? (1-2 mins)"	"Short and fun! A 1-2 minute word game about what someone is talking about."	"experiment, psychology, game"	"$0.20"	"Mon Nov 18 03:51:30 PST 2013"	"100"	"0"	"0"	"100"	"Reviewable"	"NotReviewed"	"1 scales"	"600"	"60000"	"Mon Nov 25 03:51:30 PST 2013"	"https://requester.mturk.com/mturk/manageHIT?HITId=2I8P6AUC26DGP0J1T8M0LK0EHSA3AU"	"2K22SEIUUU007JQK699IY8S7LLZRR1"	"AHXZR2MEZEVOW"	"Approved"	"Tue Nov 19 03:11:52 PST 2013"	"Mon Nov 18 10:30:28 PST 2013"	"Mon Nov 18 10:31:52 PST 2013"	"Mon Nov 18 10:45:39 PST 2013"	""	""	""	""	"""peppers"""	"-1"	"-1"	"7"	"2"	"0"	"0"	"1"	"0"	"""right"""	"""TRUE"""	"1"	""""""	"""1"""	"""pizza"""	"6"	"0"	"""null"""	"-1"	"""Bob's favorite Pizza."""	"0"	"""2"""	"""FALSE"""	"-1"
"2I8P6AUC26DGP0J1T8M0LK0EHSA3AU"	"2J9TP9RA7S5W5UC9UXFFD0JMH00XSU"	"What is he talking about? (1-2 mins)"	"Short and fun! A 1-2 minute word game about what someone is talking about."	"experiment, psychology, game"	"$0.20"	"Mon Nov 18 03:51:30 PST 2013"	"100"	"0"	"0"	"100"	"Reviewable"	"NotReviewed"	"1 scales"	"600"	"60000"	"Mon Nov 25 03:51:30 PST 2013"	"https://requester.mturk.com/mturk/manageHIT?HITId=2I8P6AUC26DGP0J1T8M0LK0EHSA3AU"	"2SSOUQIHPCGJL681K8N53H0OG8J60H"	"A1YQJGPW6E59Z8"	"Approved"	"Tue Nov 19 03:13:10 PST 2013"	"Mon Nov 18 10:31:49 PST 2013"	"Mon Nov 18 10:33:10 PST 2013"	"Mon Nov 18 10:45:40 PST 2013"	""	""	""	""	"""olives"""	"-1"	"-1"	"7"	"2"	"0"	"0"	"1"	"0"	"""left"""	"""TRUE"""	"1"	""""""	"""1"""	"""pizza"""	"7"	"0"	"""null"""	"-1"	"""deciding what bob is referring to"""	"0"	"""2"""	"""FALSE"""	"-1"
"2I8P6AUC26DGP0J1T8M0LK0EHSA3AU"	"2J9TP9RA7S5W5UC9UXFFD0JMH00XSU"	"What is he talking about? (1-2 mins)"	"Short and fun! A 1-2 minute word game about what someone is talking about."	"experiment, psychology, game"	"$0.20"	"Mon Nov 18 03:51:30 PST 2013"	"100"	"0"	"0"	"100"	"Reviewable"	"NotReviewed"	"1 scales"	"600"	"60000"	"Mon Nov 25 03:51:30 PST 2013"	"https://requester.mturk.com/mturk/manageHIT?HITId=2I8P6AUC26DGP0J1T8M0LK0EHSA3AU"	"2W6ZZ2MIKMN9D1V9U8ZT2WXNUBO8PF"	"A3U7LSENO6BFOX"	"Approved"	"Tue Nov 19 03:14:02 PST 2013"	"Mon Nov 18 10:33:05 PST 2013"	"Mon Nov 18 10:34:02 PST 2013"	"Mon Nov 18 10:45:39 PST 2013"	""	""	""	""	"""olives"""	"-1"	"-1"	"6"	"2"	"0"	"0"	"1"	"0"	"""left"""	"""TRUE"""	"1"	"""No."""	"""1"""	"""pizza"""	"4"	"0"	"""null"""	"-1"	"""What pizzas some person likes."""	"0"	"""2"""	"""FALSE"""	"-1"
"2I8P6AUC26DGP0J1T8M0LK0EHSA3AU"	"2J9TP9RA7S5W5UC9UXFFD0JMH00XSU"	"What is he talking about? (1-2 mins)"	"Short and fun! A 1-2 minute word game about what someone is talking about."	"experiment, psychology, game"	"$0.20"	"Mon Nov 18 03:51:30 PST 2013"	"100"	"0"	"0"	"100"	"Reviewable"	"NotReviewed"	"1 scales"	"600"	"60000"	"Mon Nov 25 03:51:30 PST 2013"	"https://requester.mturk.com/mturk/manageHIT?HITId=2I8P6AUC26DGP0J1T8M0LK0EHSA3AU"	"2SFMHGYQ4J3NT4CBBR6FUYYNKKOANQ"	"A3UYPF51NL3M8S"	"Approved"	"Tue Nov 19 03:16:55 PST 2013"	"Mon Nov 18 10:35:44 PST 2013"	"Mon Nov 18 10:36:55 PST 2013"	"Mon Nov 18 10:45:40 PST 2013"	""	""	""	""	"""olives"""	"-1"	"-1"	"5"	"2"	"0"	"0"	"1"	"0"	"""left"""	"""TRUE"""	"1"	""""""	"""1"""	"""pizza"""	"5"	"0"	"""null"""	"-1"	"""Pizza"""	"0"	"""2"""	"""FALSE"""	"-1"
"2I8P6AUC26DGP0J1T8M0LK0EHSA3AU"	"2J9TP9RA7S5W5UC9UXFFD0JMH00XSU"	"What is he talking about? (1-2 mins)"	"Short and fun! A 1-2 minute word game about what someone is talking about."	"experiment, psychology, game"	"$0.20"	"Mon Nov 18 03:51:30 PST 2013"	"100"	"0"	"0"	"100"	"Reviewable"	"NotReviewed"	"1 scales"	"600"	"60000"	"Mon Nov 25 03:51:30 PST 2013"	"https://requester.mturk.com/mturk/manageHIT?HITId=2I8P6AUC26DGP0J1T8M0LK0EHSA3AU"	"2RNKCJ011K27NCD9GVN678N9XDSB9N"	"A148RCP6RJ96I4"	"Approved"	"Tue Nov 19 03:19:38 PST 2013"	"Mon Nov 18 10:37:50 PST 2013"	"Mon Nov 18 10:39:38 PST 2013"	"Mon Nov 18 10:45:40 PST 2013"	""	""	""	""	"""peppers"""	"-1"	"-1"	"5"	"2"	"0"	"0"	"1"	"0"	"""left"""	"""TRUE"""	"2"	"""no"""	"""1"""	"""pizza"""	"5"	"0"	"""null"""	"-1"	"""pizza"""	"0"	"""2"""	"""FALSE"""	"-1"
"2I8P6AUC26DGP0J1T8M0LK0EHSA3AU"	"2J9TP9RA7S5W5UC9UXFFD0JMH00XSU"	"What is he talking about? (1-2 mins)"	"Short and fun! A 1-2 minute word game about what someone is talking about."	"experiment, psychology, game"	"$0.20"	"Mon Nov 18 03:51:30 PST 2013"	"100"	"0"	"0"	"100"	"Reviewable"	"NotReviewed"	"1 scales"	"600"	"60000"	"Mon Nov 25 03:51:30 PST 2013"	"https://requester.mturk.com/mturk/manageHIT?HITId=2I8P6AUC26DGP0J1T8M0LK0EHSA3AU"	"2J0JHSTLB3L0Y4P9ET2JKJRJMX0THL"	"A3L5H35X9YOEN6"	"Approved"	"Tue Nov 19 03:19:42 PST 2013"	"Mon Nov 18 10:38:29 PST 2013"	"Mon Nov 18 10:39:42 PST 2013"	"Mon Nov 18 10:45:39 PST 2013"	""	""	""	""	"""peppers"""	"-1"	"-1"	"7"	"2"	"0"	"0"	"1"	"0"	"""left"""	"""TRUE"""	"1"	""""""	"""1"""	"""pizza"""	"6"	"0"	"""null"""	"-1"	"""Answering questions about a character"""	"0"	"""2"""	"""FALSE"""	"-1"
"2I8P6AUC26DGP0J1T8M0LK0EHSA3AU"	"2J9TP9RA7S5W5UC9UXFFD0JMH00XSU"	"What is he talking about? (1-2 mins)"	"Short and fun! A 1-2 minute word game about what someone is talking about."	"experiment, psychology, game"	"$0.20"	"Mon Nov 18 03:51:30 PST 2013"	"100"	"0"	"0"	"100"	"Reviewable"	"NotReviewed"	"1 scales"	"600"	"60000"	"Mon Nov 25 03:51:30 PST 2013"	"https://requester.mturk.com/mturk/manageHIT?HITId=2I8P6AUC26DGP0J1T8M0LK0EHSA3AU"	"2DI0JG5TYMNCFRH45K0SYSH2SKFLHB"	"A3BKXSQJA4XNOD"	"Approved"	"Tue Nov 19 03:22:45 PST 2013"	"Mon Nov 18 10:41:09 PST 2013"	"Mon Nov 18 10:42:45 PST 2013"	"Mon Nov 18 10:45:39 PST 2013"	""	""	""	""	"""peppers"""	"-1"	"-1"	"5"	"2"	"0"	"0"	"1"	"0"	"""right"""	"""TRUE"""	"1"	"""nope"""	"""1"""	"""pizza"""	"5"	"0"	"""null"""	"-1"	"""pizza toppings"""	"0"	"""2"""	"""FALSE"""	"-1"
"2I8P6AUC26DGP0J1T8M0LK0EHSA3AU"	"2J9TP9RA7S5W5UC9UXFFD0JMH00XSU"	"What is he talking about? (1-2 mins)"	"Short and fun! A 1-2 minute word game about what someone is talking about."	"experiment, psychology, game"	"$0.20"	"Mon Nov 18 03:51:30 PST 2013"	"100"	"0"	"0"	"100"	"Reviewable"	"NotReviewed"	"1 scales"	"600"	"60000"	"Mon Nov 25 03:51:30 PST 2013"	"https://requester.mturk.com/mturk/manageHIT?HITId=2I8P6AUC26DGP0J1T8M0LK0EHSA3AU"	"2S20RYNJ92NJ3F657RAT0HY1TZPA51"	"A2F3NXHJP2LFBN"	"Approved"	"Tue Nov 19 03:23:38 PST 2013"	"Mon Nov 18 10:40:22 PST 2013"	"Mon Nov 18 10:43:38 PST 2013"	"Mon Nov 18 10:45:39 PST 2013"	""	""	""	""	"""mushrooms"""	"-1"	"-1"	"7"	"2"	"0"	"0"	"1"	"0"	"""middle"""	"""TRUE"""	"1"	"""I accidentally selected the wrong dot on the scale for one of the questions and it wouldn't let me change it. :("""	"""1"""	"""pizza"""	"4"	"0"	"""null"""	"-1"	"""Pizza, Bob, and mushrooms"""	"0"	"""2"""	"""FALSE"""	"-1"
"2I8P6AUC26DGP0J1T8M0LK0EHSA3AU"	"2J9TP9RA7S5W5UC9UXFFD0JMH00XSU"	"What is he talking about? (1-2 mins)"	"Short and fun! A 1-2 minute word game about what someone is talking about."	"experiment, psychology, game"	"$0.20"	"Mon Nov 18 03:51:30 PST 2013"	"100"	"0"	"0"	"100"	"Reviewable"	"NotReviewed"	"1 scales"	"600"	"60000"	"Mon Nov 25 03:51:30 PST 2013"	"https://requester.mturk.com/mturk/manageHIT?HITId=2I8P6AUC26DGP0J1T8M0LK0EHSA3AU"	"2QXR98D8J3VEQPYSPSPCM3MHBR6GW0"	"A1RDT8BS8A8S76"	"Approved"	"Tue Nov 19 03:24:08 PST 2013"	"Mon Nov 18 10:43:09 PST 2013"	"Mon Nov 18 10:44:08 PST 2013"	"Mon Nov 18 10:45:40 PST 2013"	""	""	""	""	"""mushrooms"""	"-1"	"-1"	"3"	"2"	"0"	"0"	"1"	"0"	"""right"""	"""TRUE"""	"7"	"""No"""	"""0"""	"""pizza"""	"4"	"0"	"""null"""	"-1"	"""What Bob meant"""	"0"	"""2"""	"""FALSE"""	"-1"
"2I8P6AUC26DGP0J1T8M0LK0EHSA3AU"	"2J9TP9RA7S5W5UC9UXFFD0JMH00XSU"	"What is he talking about? (1-2 mins)"	"Short and fun! A 1-2 minute word game about what someone is talking about."	"experiment, psychology, game"	"$0.20"	"Mon Nov 18 03:51:30 PST 2013"	"100"	"0"	"0"	"100"	"Reviewable"	"NotReviewed"	"1 scales"	"600"	"60000"	"Mon Nov 25 03:51:30 PST 2013"	"https://requester.mturk.com/mturk/manageHIT?HITId=2I8P6AUC26DGP0J1T8M0LK0EHSA3AU"	"2GNCPWZ9RNDW1H11OCJN9DTLLKZRCY"	"A2CQLX4OYE5L6W"	"Approved"	"Tue Nov 19 03:25:56 PST 2013"	"Mon Nov 18 10:44:23 PST 2013"	"Mon Nov 18 10:45:56 PST 2013"	"Mon Nov 18 11:10:47 PST 2013"	""	""	""	""	"""peppers"""	"-1"	"-1"	"4"	"2"	"0"	"0"	"1"	"0"	"""middle"""	"""TRUE"""	"7"	"""weird survey"""	"""1"""	"""pizza"""	"4"	"0"	"""null"""	"-1"	"""bob likes pizza"""	"0"	"""2"""	"""FALSE"""	"-1"
"2I8P6AUC26DGP0J1T8M0LK0EHSA3AU"	"2J9TP9RA7S5W5UC9UXFFD0JMH00XSU"	"What is he talking about? (1-2 mins)"	"Short and fun! A 1-2 minute word game about what someone is talking about."	"experiment, psychology, game"	"$0.20"	"Mon Nov 18 03:51:30 PST 2013"	"100"	"0"	"0"	"100"	"Reviewable"	"NotReviewed"	"1 scales"	"600"	"60000"	"Mon Nov 25 03:51:30 PST 2013"	"https://requester.mturk.com/mturk/manageHIT?HITId=2I8P6AUC26DGP0J1T8M0LK0EHSA3AU"	"2A9FL42J1LY5R4D23RRIMFKM4K33O4"	"A27IABVBUZ9X8Z"	"Approved"	"Tue Nov 19 03:29:02 PST 2013"	"Mon Nov 18 10:46:43 PST 2013"	"Mon Nov 18 10:49:02 PST 2013"	"Mon Nov 18 11:10:47 PST 2013"	""	""	""	""	"""olives"""	"-1"	"-1"	"7"	"2"	"0"	"0"	"1"	"0"	"""right"""	"""TRUE"""	"1"	""""""	"""1"""	"""pizza"""	"5"	"0"	"""null"""	"-1"	"""I think it is about what you infer from a statement, using logic."""	"0"	"""2"""	"""FALSE"""	"-1"
"2I8P6AUC26DGP0J1T8M0LK0EHSA3AU"	"2J9TP9RA7S5W5UC9UXFFD0JMH00XSU"	"What is he talking about? (1-2 mins)"	"Short and fun! A 1-2 minute word game about what someone is talking about."	"experiment, psychology, game"	"$0.20"	"Mon Nov 18 03:51:30 PST 2013"	"100"	"0"	"0"	"100"	"Reviewable"	"NotReviewed"	"1 scales"	"600"	"60000"	"Mon Nov 25 03:51:30 PST 2013"	"https://requester.mturk.com/mturk/manageHIT?HITId=2I8P6AUC26DGP0J1T8M0LK0EHSA3AU"	"2RHCGJ2D21O3FY3HWOGPYI2PPXLC6L"	"AX2HHKFMTBAGJ"	"Approved"	"Tue Nov 19 03:29:54 PST 2013"	"Mon Nov 18 10:45:11 PST 2013"	"Mon Nov 18 10:49:54 PST 2013"	"Mon Nov 18 11:10:47 PST 2013"	""	""	""	""	"""mushrooms"""	"-1"	"-1"	"7"	"2"	"0"	"0"	"1"	"0"	"""left"""	"""TRUE"""	"1"	"""could not unclick circles to change answers """	"""1"""	"""pizza"""	"7"	"0"	"""null"""	"-1"	"""does a variable in isolation appear to have a higher affect than one with neutral variables? """	"0"	"""2"""	"""FALSE"""	"-1"
"2I8P6AUC26DGP0J1T8M0LK0EHSA3AU"	"2J9TP9RA7S5W5UC9UXFFD0JMH00XSU"	"What is he talking about? (1-2 mins)"	"Short and fun! A 1-2 minute word game about what someone is talking about."	"experiment, psychology, game"	"$0.20"	"Mon Nov 18 03:51:30 PST 2013"	"100"	"0"	"0"	"100"	"Reviewable"	"NotReviewed"	"1 scales"	"600"	"60000"	"Mon Nov 25 03:51:30 PST 2013"	"https://requester.mturk.com/mturk/manageHIT?HITId=2I8P6AUC26DGP0J1T8M0LK0EHSA3AU"	"2C521O3W5XH02IVSE7BYKPLXGQ3HBM"	"AG7KHBVZGDZ0M"	"Approved"	"Tue Nov 19 03:35:05 PST 2013"	"Mon Nov 18 10:53:43 PST 2013"	"Mon Nov 18 10:55:05 PST 2013"	"Mon Nov 18 12:04:17 PST 2013"	""	""	""	""	"""peppers"""	"-1"	"-1"	"6"	"2"	"0"	"0"	"1"	"0"	"""right"""	"""TRUE"""	"1"	""""""	"""1"""	"""pizza"""	"6"	"0"	"""null"""	"-1"	"""Pizzas"""	"0"	"""2"""	"""FALSE"""	"-1"
"2I8P6AUC26DGP0J1T8M0LK0EHSA3AU"	"2J9TP9RA7S5W5UC9UXFFD0JMH00XSU"	"What is he talking about? (1-2 mins)"	"Short and fun! A 1-2 minute word game about what someone is talking about."	"experiment, psychology, game"	"$0.20"	"Mon Nov 18 03:51:30 PST 2013"	"100"	"0"	"0"	"100"	"Reviewable"	"NotReviewed"	"1 scales"	"600"	"60000"	"Mon Nov 25 03:51:30 PST 2013"	"https://requester.mturk.com/mturk/manageHIT?HITId=2I8P6AUC26DGP0J1T8M0LK0EHSA3AU"	"2GAAA2SEIUUUJTUQGP14OISDJLTPPL"	"A2B4GWF7MF7AOB"	"Approved"	"Tue Nov 19 03:43:54 PST 2013"	"Mon Nov 18 11:01:41 PST 2013"	"Mon Nov 18 11:03:54 PST 2013"	"Mon Nov 18 12:04:18 PST 2013"	""	""	""	""	"""olives"""	"-1"	"-1"	"5"	"2"	"0"	"0"	"1"	"0"	"""left"""	"""TRUE"""	"7"	"""None"""	"""1"""	"""pizza"""	"4"	"0"	"""null"""	"-1"	"""Find out what is Bob's favorite pizza."""	"0"	"""2"""	"""FALSE"""	"-1"
"2I8P6AUC26DGP0J1T8M0LK0EHSA3AU"	"2J9TP9RA7S5W5UC9UXFFD0JMH00XSU"	"What is he talking about? (1-2 mins)"	"Short and fun! A 1-2 minute word game about what someone is talking about."	"experiment, psychology, game"	"$0.20"	"Mon Nov 18 03:51:30 PST 2013"	"100"	"0"	"0"	"100"	"Reviewable"	"NotReviewed"	"1 scales"	"600"	"60000"	"Mon Nov 25 03:51:30 PST 2013"	"https://requester.mturk.com/mturk/manageHIT?HITId=2I8P6AUC26DGP0J1T8M0LK0EHSA3AU"	"2M4F0CP5KXPT1GOIT374VM7SPQ8XYG"	"A2FM60113NJBUK"	"Approved"	"Tue Nov 19 03:58:36 PST 2013"	"Mon Nov 18 11:16:44 PST 2013"	"Mon Nov 18 11:18:36 PST 2013"	"Mon Nov 18 12:04:18 PST 2013"	""	""	""	""	"""peppers"""	"-1"	"-1"	"6"	"2"	"0"	"0"	"1"	"0"	"""middle"""	"""TRUE"""	"7"	""""""	"""1"""	"""pizza"""	"6"	"0"	"""null"""	"-1"	"""pizza"""	"0"	"""2"""	"""FALSE"""	"-1"
"2I8P6AUC26DGP0J1T8M0LK0EHSA3AU"	"2J9TP9RA7S5W5UC9UXFFD0JMH00XSU"	"What is he talking about? (1-2 mins)"	"Short and fun! A 1-2 minute word game about what someone is talking about."	"experiment, psychology, game"	"$0.20"	"Mon Nov 18 03:51:30 PST 2013"	"100"	"0"	"0"	"100"	"Reviewable"	"NotReviewed"	"1 scales"	"600"	"60000"	"Mon Nov 25 03:51:30 PST 2013"	"https://requester.mturk.com/mturk/manageHIT?HITId=2I8P6AUC26DGP0J1T8M0LK0EHSA3AU"	"25ZWGKCCVLL3V393IM1PW4CEEAYV5X"	"A2806UPBR5FJJ2"	"Approved"	"Tue Nov 19 04:09:58 PST 2013"	"Mon Nov 18 11:26:12 PST 2013"	"Mon Nov 18 11:29:58 PST 2013"	"Mon Nov 18 12:04:17 PST 2013"	""	""	""	""	"""mushrooms"""	"-1"	"-1"	"7"	"2"	"0"	"0"	"1"	"0"	"""middle"""	"""TRUE"""	"5"	"""accidentally recorded my clicks twice somehow, oh well"""	"""1"""	"""pizza"""	"4"	"0"	"""null"""	"-1"	"""unsure"""	"0"	"""2"""	"""FALSE"""	"-1"
"2I8P6AUC26DGP0J1T8M0LK0EHSA3AU"	"2J9TP9RA7S5W5UC9UXFFD0JMH00XSU"	"What is he talking about? (1-2 mins)"	"Short and fun! A 1-2 minute word game about what someone is talking about."	"experiment, psychology, game"	"$0.20"	"Mon Nov 18 03:51:30 PST 2013"	"100"	"0"	"0"	"100"	"Reviewable"	"NotReviewed"	"1 scales"	"600"	"60000"	"Mon Nov 25 03:51:30 PST 2013"	"https://requester.mturk.com/mturk/manageHIT?HITId=2I8P6AUC26DGP0J1T8M0LK0EHSA3AU"	"2APULRGNTBJ35FJX1KG7T62P8VE7T9"	"A2JFLNKFNQ3IVI"	"Approved"	"Tue Nov 19 04:13:05 PST 2013"	"Mon Nov 18 11:32:18 PST 2013"	"Mon Nov 18 11:33:05 PST 2013"	"Mon Nov 18 12:04:17 PST 2013"	""	""	""	""	"""mushrooms"""	"-1"	"-1"	"5"	"2"	"0"	"0"	"1"	"0"	"""middle"""	"""TRUE"""	"3"	""""""	"""1"""	"""pizza"""	"3"	"0"	"""null"""	"-1"	"""pizza"""	"0"	"""2"""	"""FALSE"""	"-1"
"2I8P6AUC26DGP0J1T8M0LK0EHSA3AU"	"2J9TP9RA7S5W5UC9UXFFD0JMH00XSU"	"What is he talking about? (1-2 mins)"	"Short and fun! A 1-2 minute word game about what someone is talking about."	"experiment, psychology, game"	"$0.20"	"Mon Nov 18 03:51:30 PST 2013"	"100"	"0"	"0"	"100"	"Reviewable"	"NotReviewed"	"1 scales"	"600"	"60000"	"Mon Nov 25 03:51:30 PST 2013"	"https://requester.mturk.com/mturk/manageHIT?HITId=2I8P6AUC26DGP0J1T8M0LK0EHSA3AU"	"2IBVCNHMVHVKVC61XPT7AJ7EBA213Q"	"AYYZ8YOVV6366"	"Approved"	"Tue Nov 19 04:13:12 PST 2013"	"Mon Nov 18 11:32:08 PST 2013"	"Mon Nov 18 11:33:12 PST 2013"	"Mon Nov 18 12:04:14 PST 2013"	""	""	""	""	"""olives"""	"-1"	"-1"	"7"	"2"	"0"	"0"	"1"	"0"	"""left"""	"""TRUE"""	"5"	""""""	"""1"""	"""pizza"""	"7"	"0"	"""null"""	"-1"	"""bob and his love of pizza(w/olives)"""	"0"	"""2"""	"""FALSE"""	"-1"
"2I8P6AUC26DGP0J1T8M0LK0EHSA3AU"	"2J9TP9RA7S5W5UC9UXFFD0JMH00XSU"	"What is he talking about? (1-2 mins)"	"Short and fun! A 1-2 minute word game about what someone is talking about."	"experiment, psychology, game"	"$0.20"	"Mon Nov 18 03:51:30 PST 2013"	"100"	"0"	"0"	"100"	"Reviewable"	"NotReviewed"	"1 scales"	"600"	"60000"	"Mon Nov 25 03:51:30 PST 2013"	"https://requester.mturk.com/mturk/manageHIT?HITId=2I8P6AUC26DGP0J1T8M0LK0EHSA3AU"	"280TNKIMZSM538NSYTD0VGVKU2RCZN"	"ASFPESAR1SVD2"	"Approved"	"Tue Nov 19 04:13:16 PST 2013"	"Mon Nov 18 11:31:32 PST 2013"	"Mon Nov 18 11:33:16 PST 2013"	"Mon Nov 18 12:04:17 PST 2013"	""	""	""	""	"""mushrooms"""	"-1"	"-1"	"5"	"2"	"0"	"0"	"1"	"0"	"""right"""	"""TRUE"""	"3"	"""I accidentally chose two numbers for the first pizza, and could not undo it, I meant to choose \""3\"" """	"""1"""	"""pizza"""	"7"	"0"	"""null"""	"-1"	"""Bob's love for pizza, and what he meant when he said he loves pizza with mushrooms. """	"0"	"""2"""	"""FALSE"""	"-1"
"2I8P6AUC26DGP0J1T8M0LK0EHSA3AU"	"2J9TP9RA7S5W5UC9UXFFD0JMH00XSU"	"What is he talking about? (1-2 mins)"	"Short and fun! A 1-2 minute word game about what someone is talking about."	"experiment, psychology, game"	"$0.20"	"Mon Nov 18 03:51:30 PST 2013"	"100"	"0"	"0"	"100"	"Reviewable"	"NotReviewed"	"1 scales"	"600"	"60000"	"Mon Nov 25 03:51:30 PST 2013"	"https://requester.mturk.com/mturk/manageHIT?HITId=2I8P6AUC26DGP0J1T8M0LK0EHSA3AU"	"2CXL8I9NZW6HXSCOA9HWDT8B00ZVLM"	"AD5AIRWNTBUJB"	"Approved"	"Tue Nov 19 04:13:41 PST 2013"	"Mon Nov 18 11:31:47 PST 2013"	"Mon Nov 18 11:33:41 PST 2013"	"Mon Nov 18 12:04:16 PST 2013"	""	""	""	""	"""mushrooms"""	"-1"	"-1"	"7"	"2"	"0"	"0"	"1"	"0"	"""left"""	"""TRUE"""	"1"	""""""	"""1"""	"""pizza"""	"5"	"0"	"""null"""	"-1"	"""activeness"""	"0"	"""2"""	"""FALSE"""	"-1"
"2I8P6AUC26DGP0J1T8M0LK0EHSA3AU"	"2J9TP9RA7S5W5UC9UXFFD0JMH00XSU"	"What is he talking about? (1-2 mins)"	"Short and fun! A 1-2 minute word game about what someone is talking about."	"experiment, psychology, game"	"$0.20"	"Mon Nov 18 03:51:30 PST 2013"	"100"	"0"	"0"	"100"	"Reviewable"	"NotReviewed"	"1 scales"	"600"	"60000"	"Mon Nov 25 03:51:30 PST 2013"	"https://requester.mturk.com/mturk/manageHIT?HITId=2I8P6AUC26DGP0J1T8M0LK0EHSA3AU"	"2RN8ER9Y8TNK1F5SIABFNS2TDKUT6W"	"A3GM65DMOMZ0WY"	"Approved"	"Tue Nov 19 04:14:10 PST 2013"	"Mon Nov 18 11:33:07 PST 2013"	"Mon Nov 18 11:34:10 PST 2013"	"Mon Nov 18 12:04:18 PST 2013"	""	""	""	""	"""mushrooms"""	"-1"	"-1"	"7"	"2"	"0"	"0"	"1"	"0"	"""left"""	"""TRUE"""	"1"	"""This was fun. """	"""1"""	"""pizza"""	"4"	"0"	"""null"""	"-1"	"""Bobs favorite pizza"""	"0"	"""2"""	"""FALSE"""	"-1"
"2I8P6AUC26DGP0J1T8M0LK0EHSA3AU"	"2J9TP9RA7S5W5UC9UXFFD0JMH00XSU"	"What is he talking about? (1-2 mins)"	"Short and fun! A 1-2 minute word game about what someone is talking about."	"experiment, psychology, game"	"$0.20"	"Mon Nov 18 03:51:30 PST 2013"	"100"	"0"	"0"	"100"	"Reviewable"	"NotReviewed"	"1 scales"	"600"	"60000"	"Mon Nov 25 03:51:30 PST 2013"	"https://requester.mturk.com/mturk/manageHIT?HITId=2I8P6AUC26DGP0J1T8M0LK0EHSA3AU"	"2HIEOZFYQS1CBMSOB2IDY4IHSY3ILC"	"AO0CQ0WT4FT7T"	"Approved"	"Tue Nov 19 04:14:15 PST 2013"	"Mon Nov 18 11:33:07 PST 2013"	"Mon Nov 18 11:34:15 PST 2013"	"Mon Nov 18 12:04:14 PST 2013"	""	""	""	""	"""olives"""	"-1"	"-1"	"6"	"2"	"0"	"0"	"1"	"0"	"""right"""	"""TRUE"""	"2"	"""none"""	"""1"""	"""pizza"""	"5"	"0"	"""null"""	"-1"	"""Pizza"""	"0"	"""1"""	"""FALSE"""	"-1"
"2I8P6AUC26DGP0J1T8M0LK0EHSA3AU"	"2J9TP9RA7S5W5UC9UXFFD0JMH00XSU"	"What is he talking about? (1-2 mins)"	"Short and fun! A 1-2 minute word game about what someone is talking about."	"experiment, psychology, game"	"$0.20"	"Mon Nov 18 03:51:30 PST 2013"	"100"	"0"	"0"	"100"	"Reviewable"	"NotReviewed"	"1 scales"	"600"	"60000"	"Mon Nov 25 03:51:30 PST 2013"	"https://requester.mturk.com/mturk/manageHIT?HITId=2I8P6AUC26DGP0J1T8M0LK0EHSA3AU"	"25CI62NJQ217LSF9MMXBQLC05VZNVG"	"A2D6EHMWM8X5QJ"	"Approved"	"Tue Nov 19 04:14:23 PST 2013"	"Mon Nov 18 11:33:20 PST 2013"	"Mon Nov 18 11:34:23 PST 2013"	"Mon Nov 18 12:04:14 PST 2013"	""	""	""	""	"""mushrooms"""	"-1"	"-1"	"7"	"2"	"0"	"0"	"1"	"0"	"""middle"""	"""TRUE"""	"1"	""""""	"""1"""	"""pizza"""	"6"	"0"	"""null"""	"-1"	"""pattern recognition"""	"0"	"""2"""	"""FALSE"""	"-1"
"2I8P6AUC26DGP0J1T8M0LK0EHSA3AU"	"2J9TP9RA7S5W5UC9UXFFD0JMH00XSU"	"What is he talking about? (1-2 mins)"	"Short and fun! A 1-2 minute word game about what someone is talking about."	"experiment, psychology, game"	"$0.20"	"Mon Nov 18 03:51:30 PST 2013"	"100"	"0"	"0"	"100"	"Reviewable"	"NotReviewed"	"1 scales"	"600"	"60000"	"Mon Nov 25 03:51:30 PST 2013"	"https://requester.mturk.com/mturk/manageHIT?HITId=2I8P6AUC26DGP0J1T8M0LK0EHSA3AU"	"2IQ1THV8ER9YRMTKERQSS5KK8C8P27"	"A3H0XGON3XVK12"	"Approved"	"Tue Nov 19 04:14:27 PST 2013"	"Mon Nov 18 11:33:36 PST 2013"	"Mon Nov 18 11:34:27 PST 2013"	"Mon Nov 18 12:04:18 PST 2013"	""	""	""	""	"""mushrooms"""	"-1"	"-1"	"7"	"2"	"0"	"0"	"1"	"0"	"""right"""	"""TRUE"""	"2"	""""""	"""1"""	"""pizza"""	"6"	"0"	"""null"""	"-1"	"""Bob's favorite pizzas."""	"0"	"""2"""	"""FALSE"""	"-1"
"2I8P6AUC26DGP0J1T8M0LK0EHSA3AU"	"2J9TP9RA7S5W5UC9UXFFD0JMH00XSU"	"What is he talking about? (1-2 mins)"	"Short and fun! A 1-2 minute word game about what someone is talking about."	"experiment, psychology, game"	"$0.20"	"Mon Nov 18 03:51:30 PST 2013"	"100"	"0"	"0"	"100"	"Reviewable"	"NotReviewed"	"1 scales"	"600"	"60000"	"Mon Nov 25 03:51:30 PST 2013"	"https://requester.mturk.com/mturk/manageHIT?HITId=2I8P6AUC26DGP0J1T8M0LK0EHSA3AU"	"2ABPPSI2KYEP4LV71PCMCWJ8FUNRLQ"	"A1Q1WIWSN6LMDJ"	"Approved"	"Tue Nov 19 04:14:29 PST 2013"	"Mon Nov 18 11:33:38 PST 2013"	"Mon Nov 18 11:34:29 PST 2013"	"Mon Nov 18 12:04:17 PST 2013"	""	""	""	""	"""mushrooms"""	"-1"	"-1"	"7"	"2"	"0"	"0"	"1"	"0"	"""middle"""	"""TRUE"""	"1"	"""Now I want to have a pizza."""	"""1"""	"""pizza"""	"7"	"0"	"""null"""	"-1"	"""Pizza"""	"0"	"""2"""	"""FALSE"""	"-1"
"2I8P6AUC26DGP0J1T8M0LK0EHSA3AU"	"2J9TP9RA7S5W5UC9UXFFD0JMH00XSU"	"What is he talking about? (1-2 mins)"	"Short and fun! A 1-2 minute word game about what someone is talking about."	"experiment, psychology, game"	"$0.20"	"Mon Nov 18 03:51:30 PST 2013"	"100"	"0"	"0"	"100"	"Reviewable"	"NotReviewed"	"1 scales"	"600"	"60000"	"Mon Nov 25 03:51:30 PST 2013"	"https://requester.mturk.com/mturk/manageHIT?HITId=2I8P6AUC26DGP0J1T8M0LK0EHSA3AU"	"2NAPDOBDDP8P2PQU9IZXSB3VUT4D2G"	"A2T5BWUEK583CS"	"Approved"	"Tue Nov 19 04:14:32 PST 2013"	"Mon Nov 18 11:32:04 PST 2013"	"Mon Nov 18 11:34:32 PST 2013"	"Mon Nov 18 12:04:17 PST 2013"	""	""	""	""	"""olives"""	"-1"	"-1"	"3"	"2"	"0"	"0"	"1"	"0"	"""middle"""	"""TRUE"""	"2"	"""Fun!"""	"""1"""	"""pizza"""	"6"	"0"	"""null"""	"-1"	"""Pizza"""	"0"	"""2"""	"""FALSE"""	"-1"
"2I8P6AUC26DGP0J1T8M0LK0EHSA3AU"	"2J9TP9RA7S5W5UC9UXFFD0JMH00XSU"	"What is he talking about? (1-2 mins)"	"Short and fun! A 1-2 minute word game about what someone is talking about."	"experiment, psychology, game"	"$0.20"	"Mon Nov 18 03:51:30 PST 2013"	"100"	"0"	"0"	"100"	"Reviewable"	"NotReviewed"	"1 scales"	"600"	"60000"	"Mon Nov 25 03:51:30 PST 2013"	"https://requester.mturk.com/mturk/manageHIT?HITId=2I8P6AUC26DGP0J1T8M0LK0EHSA3AU"	"26B5OPB0YVGZRRSW7C5PFU36TR0Z7H"	"A1VGYN62PSWUKP"	"Approved"	"Tue Nov 19 04:14:41 PST 2013"	"Mon Nov 18 11:33:51 PST 2013"	"Mon Nov 18 11:34:41 PST 2013"	"Mon Nov 18 12:04:18 PST 2013"	""	""	""	""	"""mushrooms"""	"-1"	"-1"	"7"	"2"	"0"	"0"	"1"	"0"	"""left"""	"""TRUE"""	"2"	"""Thank you!"""	"""1"""	"""pizza"""	"4"	"0"	"""null"""	"-1"	"""Bob's affinity for pizza."""	"0"	"""2"""	"""FALSE"""	"-1"
"2I8P6AUC26DGP0J1T8M0LK0EHSA3AU"	"2J9TP9RA7S5W5UC9UXFFD0JMH00XSU"	"What is he talking about? (1-2 mins)"	"Short and fun! A 1-2 minute word game about what someone is talking about."	"experiment, psychology, game"	"$0.20"	"Mon Nov 18 03:51:30 PST 2013"	"100"	"0"	"0"	"100"	"Reviewable"	"NotReviewed"	"1 scales"	"600"	"60000"	"Mon Nov 25 03:51:30 PST 2013"	"https://requester.mturk.com/mturk/manageHIT?HITId=2I8P6AUC26DGP0J1T8M0LK0EHSA3AU"	"2MHWZ9RNDWIOEUY7OSUDZGU6UIITEH"	"A39YBLQYIUBR76"	"Approved"	"Tue Nov 19 04:14:41 PST 2013"	"Mon Nov 18 11:33:14 PST 2013"	"Mon Nov 18 11:34:41 PST 2013"	"Mon Nov 18 12:04:15 PST 2013"	""	""	""	""	"""olives"""	"-1"	"-1"	"7"	"2"	"0"	"0"	"1"	"0"	"""right"""	"""TRUE"""	"2"	""""""	"""1"""	"""pizza"""	"7"	"0"	"""null"""	"-1"	"""What bobs favorite pizza was """	"0"	"""2"""	"""FALSE"""	"-1"
"2I8P6AUC26DGP0J1T8M0LK0EHSA3AU"	"2J9TP9RA7S5W5UC9UXFFD0JMH00XSU"	"What is he talking about? (1-2 mins)"	"Short and fun! A 1-2 minute word game about what someone is talking about."	"experiment, psychology, game"	"$0.20"	"Mon Nov 18 03:51:30 PST 2013"	"100"	"0"	"0"	"100"	"Reviewable"	"NotReviewed"	"1 scales"	"600"	"60000"	"Mon Nov 25 03:51:30 PST 2013"	"https://requester.mturk.com/mturk/manageHIT?HITId=2I8P6AUC26DGP0J1T8M0LK0EHSA3AU"	"2NXNQYN5F3Q029BTUREC2YB90ZED98"	"A1XYLOK9ARI8U7"	"Approved"	"Tue Nov 19 04:14:41 PST 2013"	"Mon Nov 18 11:32:53 PST 2013"	"Mon Nov 18 11:34:41 PST 2013"	"Mon Nov 18 12:04:19 PST 2013"	""	""	""	""	"""mushrooms"""	"-1"	"-1"	"6"	"2"	"0"	"0"	"1"	"0"	"""left"""	"""TRUE"""	"1"	""""""	"""1"""	"""pizza"""	"5"	"0"	"""null"""	"-1"	"""Bob's Pizza"""	"0"	"""2"""	"""FALSE"""	"-1"
"2I8P6AUC26DGP0J1T8M0LK0EHSA3AU"	"2J9TP9RA7S5W5UC9UXFFD0JMH00XSU"	"What is he talking about? (1-2 mins)"	"Short and fun! A 1-2 minute word game about what someone is talking about."	"experiment, psychology, game"	"$0.20"	"Mon Nov 18 03:51:30 PST 2013"	"100"	"0"	"0"	"100"	"Reviewable"	"NotReviewed"	"1 scales"	"600"	"60000"	"Mon Nov 25 03:51:30 PST 2013"	"https://requester.mturk.com/mturk/manageHIT?HITId=2I8P6AUC26DGP0J1T8M0LK0EHSA3AU"	"24S0OQKKA4IIB1Y2Q7X86EW53KEZZA"	"A1L9LOEPCV081B"	"Approved"	"Tue Nov 19 04:14:49 PST 2013"	"Mon Nov 18 11:34:04 PST 2013"	"Mon Nov 18 11:34:49 PST 2013"	"Mon Nov 18 12:04:14 PST 2013"	""	""	""	""	"""mushrooms"""	"-1"	"-1"	"7"	"2"	"0"	"0"	"1"	"0"	"""left"""	"""TRUE"""	"1"	""""""	"""1"""	"""pizza"""	"4"	"0"	"""null"""	"-1"	"""Pizza"""	"0"	"""2"""	"""FALSE"""	"-1"
"2I8P6AUC26DGP0J1T8M0LK0EHSA3AU"	"2J9TP9RA7S5W5UC9UXFFD0JMH00XSU"	"What is he talking about? (1-2 mins)"	"Short and fun! A 1-2 minute word game about what someone is talking about."	"experiment, psychology, game"	"$0.20"	"Mon Nov 18 03:51:30 PST 2013"	"100"	"0"	"0"	"100"	"Reviewable"	"NotReviewed"	"1 scales"	"600"	"60000"	"Mon Nov 25 03:51:30 PST 2013"	"https://requester.mturk.com/mturk/manageHIT?HITId=2I8P6AUC26DGP0J1T8M0LK0EHSA3AU"	"2MU6DG67D1X3ETLKWHFK8JE6DRUG9L"	"A3VE0HT1J20HNX"	"Approved"	"Tue Nov 19 04:14:49 PST 2013"	"Mon Nov 18 11:33:22 PST 2013"	"Mon Nov 18 11:34:49 PST 2013"	"Mon Nov 18 12:04:18 PST 2013"	""	""	""	""	"""peppers"""	"-1"	"-1"	"7"	"2"	"0"	"0"	"1"	"0"	"""left"""	"""TRUE"""	"1"	""""""	"""1"""	"""pizza"""	"6"	"0"	"""null"""	"-1"	"""Choosing Bob's favorite pizza only given his favorite topping"""	"0"	"""2"""	"""FALSE"""	"-1"
"2I8P6AUC26DGP0J1T8M0LK0EHSA3AU"	"2J9TP9RA7S5W5UC9UXFFD0JMH00XSU"	"What is he talking about? (1-2 mins)"	"Short and fun! A 1-2 minute word game about what someone is talking about."	"experiment, psychology, game"	"$0.20"	"Mon Nov 18 03:51:30 PST 2013"	"100"	"0"	"0"	"100"	"Reviewable"	"NotReviewed"	"1 scales"	"600"	"60000"	"Mon Nov 25 03:51:30 PST 2013"	"https://requester.mturk.com/mturk/manageHIT?HITId=2I8P6AUC26DGP0J1T8M0LK0EHSA3AU"	"27MYT3DHJHP4U6JKC9P8XSXEONM1UY"	"APPA027I9ZSEF"	"Approved"	"Tue Nov 19 04:15:15 PST 2013"	"Mon Nov 18 11:33:55 PST 2013"	"Mon Nov 18 11:35:15 PST 2013"	"Mon Nov 18 12:04:17 PST 2013"	""	""	""	""	"""peppers"""	"-1"	"-1"	"5"	"2"	"0"	"0"	"1"	"0"	"""middle"""	"""TRUE"""	"3"	"""Thanks for the HIT!"""	"""1"""	"""pizza"""	"6"	"0"	"""null"""	"-1"	"""How much Bob likes peppers on his pizza."""	"0"	"""2"""	"""FALSE"""	"-1"
"2I8P6AUC26DGP0J1T8M0LK0EHSA3AU"	"2J9TP9RA7S5W5UC9UXFFD0JMH00XSU"	"What is he talking about? (1-2 mins)"	"Short and fun! A 1-2 minute word game about what someone is talking about."	"experiment, psychology, game"	"$0.20"	"Mon Nov 18 03:51:30 PST 2013"	"100"	"0"	"0"	"100"	"Reviewable"	"NotReviewed"	"1 scales"	"600"	"60000"	"Mon Nov 25 03:51:30 PST 2013"	"https://requester.mturk.com/mturk/manageHIT?HITId=2I8P6AUC26DGP0J1T8M0LK0EHSA3AU"	"2NU1O3W5XH0J8IYIYPPEVLSUYPQCIR"	"A3HP9XOB1TMBIL"	"Approved"	"Tue Nov 19 04:15:25 PST 2013"	"Mon Nov 18 11:34:12 PST 2013"	"Mon Nov 18 11:35:25 PST 2013"	"Mon Nov 18 12:04:28 PST 2013"	""	""	""	""	"""peppers"""	"-1"	"-1"	"5"	"2"	"0"	"0"	"1"	"0"	"""left"""	"""TRUE"""	"1"	""""""	"""1"""	"""pizza"""	"5"	"0"	"""null"""	"-1"	"""pizzas"""	"0"	"""2"""	"""FALSE"""	"-1"
"2I8P6AUC26DGP0J1T8M0LK0EHSA3AU"	"2J9TP9RA7S5W5UC9UXFFD0JMH00XSU"	"What is he talking about? (1-2 mins)"	"Short and fun! A 1-2 minute word game about what someone is talking about."	"experiment, psychology, game"	"$0.20"	"Mon Nov 18 03:51:30 PST 2013"	"100"	"0"	"0"	"100"	"Reviewable"	"NotReviewed"	"1 scales"	"600"	"60000"	"Mon Nov 25 03:51:30 PST 2013"	"https://requester.mturk.com/mturk/manageHIT?HITId=2I8P6AUC26DGP0J1T8M0LK0EHSA3AU"	"22TCSTMOFXRDBXOCXJPDTXJKDL6TQT"	"A2FMSZ3DCCRYU"	"Approved"	"Tue Nov 19 04:15:26 PST 2013"	"Mon Nov 18 11:33:42 PST 2013"	"Mon Nov 18 11:35:26 PST 2013"	"Mon Nov 18 12:04:29 PST 2013"	""	""	""	""	"""peppers"""	"-1"	"-1"	"7"	"2"	"0"	"0"	"1"	"0"	"""middle"""	"""TRUE"""	"1"	""""""	"""1"""	"""pizza"""	"5"	"0"	"""null"""	"-1"	"""Deriving a conclusion from a vague statement"""	"0"	"""2"""	"""FALSE"""	"-1"
"2I8P6AUC26DGP0J1T8M0LK0EHSA3AU"	"2J9TP9RA7S5W5UC9UXFFD0JMH00XSU"	"What is he talking about? (1-2 mins)"	"Short and fun! A 1-2 minute word game about what someone is talking about."	"experiment, psychology, game"	"$0.20"	"Mon Nov 18 03:51:30 PST 2013"	"100"	"0"	"0"	"100"	"Reviewable"	"NotReviewed"	"1 scales"	"600"	"60000"	"Mon Nov 25 03:51:30 PST 2013"	"https://requester.mturk.com/mturk/manageHIT?HITId=2I8P6AUC26DGP0J1T8M0LK0EHSA3AU"	"2DI0JG5TYMNCFRH45K0SYSH2SLPHLJ"	"ATNPYNSA58YEV"	"Approved"	"Tue Nov 19 04:15:29 PST 2013"	"Mon Nov 18 11:33:44 PST 2013"	"Mon Nov 18 11:35:29 PST 2013"	"Mon Nov 18 12:04:28 PST 2013"	""	""	""	""	"""olives"""	"-1"	"-1"	"7"	"2"	"0"	"0"	"1"	"0"	"""middle"""	"""FALSE"""	"1"	""""""	"""1"""	"""pizza"""	"7"	"0"	"""null"""	"-1"	"""Joe liking pizza"""	"0"	"""2"""	"""FALSE"""	"-1"
"2I8P6AUC26DGP0J1T8M0LK0EHSA3AU"	"2J9TP9RA7S5W5UC9UXFFD0JMH00XSU"	"What is he talking about? (1-2 mins)"	"Short and fun! A 1-2 minute word game about what someone is talking about."	"experiment, psychology, game"	"$0.20"	"Mon Nov 18 03:51:30 PST 2013"	"100"	"0"	"0"	"100"	"Reviewable"	"NotReviewed"	"1 scales"	"600"	"60000"	"Mon Nov 25 03:51:30 PST 2013"	"https://requester.mturk.com/mturk/manageHIT?HITId=2I8P6AUC26DGP0J1T8M0LK0EHSA3AU"	"2A4OK2JE1M7P3DFLN1XO5AC5V55OVX"	"A1WE7JOOWZSMHF"	"Approved"	"Tue Nov 19 04:15:37 PST 2013"	"Mon Nov 18 11:33:15 PST 2013"	"Mon Nov 18 11:35:37 PST 2013"	"Mon Nov 18 12:04:30 PST 2013"	""	""	""	""	"""peppers"""	"-1"	"-1"	"6"	"2"	"0"	"0"	"1"	"0"	"""middle"""	"""TRUE"""	"1"	"""The radio buttons under the pizzas were confusing until you read the instructions. Perhaps put them below?"""	"""1"""	"""pizza"""	"5"	"0"	"""null"""	"-1"	"""To see which we believed was Bob's favorite pizza"""	"0"	"""2"""	"""FALSE"""	"-1"
"2I8P6AUC26DGP0J1T8M0LK0EHSA3AU"	"2J9TP9RA7S5W5UC9UXFFD0JMH00XSU"	"What is he talking about? (1-2 mins)"	"Short and fun! A 1-2 minute word game about what someone is talking about."	"experiment, psychology, game"	"$0.20"	"Mon Nov 18 03:51:30 PST 2013"	"100"	"0"	"0"	"100"	"Reviewable"	"NotReviewed"	"1 scales"	"600"	"60000"	"Mon Nov 25 03:51:30 PST 2013"	"https://requester.mturk.com/mturk/manageHIT?HITId=2I8P6AUC26DGP0J1T8M0LK0EHSA3AU"	"2P64EGDHDM2541O9J4N6NEZBFYACM7"	"AL23HY8N54HDA"	"Approved"	"Tue Nov 19 04:16:13 PST 2013"	"Mon Nov 18 11:34:24 PST 2013"	"Mon Nov 18 11:36:13 PST 2013"	"Mon Nov 18 12:04:28 PST 2013"	""	""	""	""	"""mushrooms"""	"-1"	"-1"	"7"	"2"	"0"	"0"	"1"	"0"	"""left"""	"""TRUE"""	"1"	""""""	"""1"""	"""pizza"""	"5"	"0"	"""null"""	"-1"	"""using basic information to reach a interpreted conclusion"""	"0"	"""1"""	"""FALSE"""	"-1"
"2I8P6AUC26DGP0J1T8M0LK0EHSA3AU"	"2J9TP9RA7S5W5UC9UXFFD0JMH00XSU"	"What is he talking about? (1-2 mins)"	"Short and fun! A 1-2 minute word game about what someone is talking about."	"experiment, psychology, game"	"$0.20"	"Mon Nov 18 03:51:30 PST 2013"	"100"	"0"	"0"	"100"	"Reviewable"	"NotReviewed"	"1 scales"	"600"	"60000"	"Mon Nov 25 03:51:30 PST 2013"	"https://requester.mturk.com/mturk/manageHIT?HITId=2I8P6AUC26DGP0J1T8M0LK0EHSA3AU"	"2N6Y5COW0LGRIWECNKCCCVNZQGJX6K"	"A179OX1482SRXK"	"Approved"	"Tue Nov 19 04:16:13 PST 2013"	"Mon Nov 18 11:34:06 PST 2013"	"Mon Nov 18 11:36:13 PST 2013"	"Mon Nov 18 12:04:28 PST 2013"	""	""	""	""	"""peppers"""	"-1"	"-1"	"6"	"2"	"0"	"0"	"1"	"0"	"""left"""	"""TRUE"""	"1"	"""For some reason, the survey let me pick two bubbles for one of the pizzas. I just meant to pick one."""	"""1"""	"""pizza"""	"5"	"0"	"""null"""	"-1"	"""Interpreting the meaning of language."""	"0"	"""2"""	"""FALSE"""	"-1"
"2I8P6AUC26DGP0J1T8M0LK0EHSA3AU"	"2J9TP9RA7S5W5UC9UXFFD0JMH00XSU"	"What is he talking about? (1-2 mins)"	"Short and fun! A 1-2 minute word game about what someone is talking about."	"experiment, psychology, game"	"$0.20"	"Mon Nov 18 03:51:30 PST 2013"	"100"	"0"	"0"	"100"	"Reviewable"	"NotReviewed"	"1 scales"	"600"	"60000"	"Mon Nov 25 03:51:30 PST 2013"	"https://requester.mturk.com/mturk/manageHIT?HITId=2I8P6AUC26DGP0J1T8M0LK0EHSA3AU"	"21T4IXKO2L9207IW6BO34OCH6KICDP"	"A32J59WUKG6LBC"	"Approved"	"Tue Nov 19 04:16:14 PST 2013"	"Mon Nov 18 11:33:50 PST 2013"	"Mon Nov 18 11:36:14 PST 2013"	"Mon Nov 18 12:04:28 PST 2013"	""	""	""	""	"""olives"""	"-1"	"-1"	"5"	"2"	"0"	"0"	"1"	"0"	"""left"""	"""TRUE"""	"1"	"""Great survey thanks!"""	"""1"""	"""pizza"""	"5"	"0"	"""null"""	"-1"	"""Determining certainty in an uncertain situation, using pizza as an example."""	"0"	"""2"""	"""FALSE"""	"-1"
"2I8P6AUC26DGP0J1T8M0LK0EHSA3AU"	"2J9TP9RA7S5W5UC9UXFFD0JMH00XSU"	"What is he talking about? (1-2 mins)"	"Short and fun! A 1-2 minute word game about what someone is talking about."	"experiment, psychology, game"	"$0.20"	"Mon Nov 18 03:51:30 PST 2013"	"100"	"0"	"0"	"100"	"Reviewable"	"NotReviewed"	"1 scales"	"600"	"60000"	"Mon Nov 25 03:51:30 PST 2013"	"https://requester.mturk.com/mturk/manageHIT?HITId=2I8P6AUC26DGP0J1T8M0LK0EHSA3AU"	"2NRXR24SMEZZLFOKIS0UEP93USZI17"	"A3JJXEVEPU8V9J"	"Approved"	"Tue Nov 19 04:16:14 PST 2013"	"Mon Nov 18 11:34:47 PST 2013"	"Mon Nov 18 11:36:14 PST 2013"	"Mon Nov 18 12:04:29 PST 2013"	""	""	""	""	"""peppers"""	"-1"	"-1"	"4"	"2"	"0"	"0"	"1"	"0"	"""middle"""	"""TRUE"""	"7"	"""no"""	"""1"""	"""pizza"""	"4"	"0"	"""null"""	"-1"	"""don't know"""	"0"	"""2"""	"""FALSE"""	"-1"
"2I8P6AUC26DGP0J1T8M0LK0EHSA3AU"	"2J9TP9RA7S5W5UC9UXFFD0JMH00XSU"	"What is he talking about? (1-2 mins)"	"Short and fun! A 1-2 minute word game about what someone is talking about."	"experiment, psychology, game"	"$0.20"	"Mon Nov 18 03:51:30 PST 2013"	"100"	"0"	"0"	"100"	"Reviewable"	"NotReviewed"	"1 scales"	"600"	"60000"	"Mon Nov 25 03:51:30 PST 2013"	"https://requester.mturk.com/mturk/manageHIT?HITId=2I8P6AUC26DGP0J1T8M0LK0EHSA3AU"	"2D7DEY5COW0LZK534HIFRC60EE54V3"	"AV4KI0QXERDVO"	"Approved"	"Tue Nov 19 04:16:21 PST 2013"	"Mon Nov 18 11:35:24 PST 2013"	"Mon Nov 18 11:36:21 PST 2013"	"Mon Nov 18 12:04:28 PST 2013"	""	""	""	""	"""peppers"""	"-1"	"-1"	"7"	"2"	"0"	"0"	"1"	"0"	"""middle"""	"""TRUE"""	"4"	""""""	"""1"""	"""pizza"""	"7"	"0"	"""null"""	"-1"	"""pizza"""	"0"	"""1"""	"""FALSE"""	"-1"
"2I8P6AUC26DGP0J1T8M0LK0EHSA3AU"	"2J9TP9RA7S5W5UC9UXFFD0JMH00XSU"	"What is he talking about? (1-2 mins)"	"Short and fun! A 1-2 minute word game about what someone is talking about."	"experiment, psychology, game"	"$0.20"	"Mon Nov 18 03:51:30 PST 2013"	"100"	"0"	"0"	"100"	"Reviewable"	"NotReviewed"	"1 scales"	"600"	"60000"	"Mon Nov 25 03:51:30 PST 2013"	"https://requester.mturk.com/mturk/manageHIT?HITId=2I8P6AUC26DGP0J1T8M0LK0EHSA3AU"	"277B0HFL42J14RB87CT7S0IL64O0L1"	"A2X5IFLMZJ4WGR"	"Approved"	"Tue Nov 19 04:16:26 PST 2013"	"Mon Nov 18 11:34:51 PST 2013"	"Mon Nov 18 11:36:26 PST 2013"	"Mon Nov 18 12:04:29 PST 2013"	""	""	""	""	"""mushrooms"""	"-1"	"-1"	"7"	"2"	"0"	"0"	"1"	"0"	"""left"""	"""TRUE"""	"3"	""""""	"""1"""	"""pizza"""	"4"	"0"	"""null"""	"-1"	"""bobs favorite pizza"""	"0"	"""2"""	"""FALSE"""	"-1"
"2I8P6AUC26DGP0J1T8M0LK0EHSA3AU"	"2J9TP9RA7S5W5UC9UXFFD0JMH00XSU"	"What is he talking about? (1-2 mins)"	"Short and fun! A 1-2 minute word game about what someone is talking about."	"experiment, psychology, game"	"$0.20"	"Mon Nov 18 03:51:30 PST 2013"	"100"	"0"	"0"	"100"	"Reviewable"	"NotReviewed"	"1 scales"	"600"	"60000"	"Mon Nov 25 03:51:30 PST 2013"	"https://requester.mturk.com/mturk/manageHIT?HITId=2I8P6AUC26DGP0J1T8M0LK0EHSA3AU"	"2ZBWKUDD8XMBMJ99V5260TOBKOKCN7"	"A3QKU4SJ1O1JZV"	"Approved"	"Tue Nov 19 04:16:31 PST 2013"	"Mon Nov 18 11:34:47 PST 2013"	"Mon Nov 18 11:36:31 PST 2013"	"Mon Nov 18 12:04:30 PST 2013"	""	""	""	""	"""olives"""	"-1"	"-1"	"7"	"2"	"0"	"0"	"1"	"0"	"""middle"""	"""TRUE"""	"2"	""""""	"""1"""	"""pizza"""	"6"	"0"	"""null"""	"-1"	"""the pizza bob likes"""	"0"	"""2"""	"""FALSE"""	"-1"
"2I8P6AUC26DGP0J1T8M0LK0EHSA3AU"	"2J9TP9RA7S5W5UC9UXFFD0JMH00XSU"	"What is he talking about? (1-2 mins)"	"Short and fun! A 1-2 minute word game about what someone is talking about."	"experiment, psychology, game"	"$0.20"	"Mon Nov 18 03:51:30 PST 2013"	"100"	"0"	"0"	"100"	"Reviewable"	"NotReviewed"	"1 scales"	"600"	"60000"	"Mon Nov 25 03:51:30 PST 2013"	"https://requester.mturk.com/mturk/manageHIT?HITId=2I8P6AUC26DGP0J1T8M0LK0EHSA3AU"	"2FD8I9NZW6HEIZUE0VN7Z86E7ESMWQ"	"A1KZ6I92SWIN75"	"Approved"	"Tue Nov 19 04:16:37 PST 2013"	"Mon Nov 18 11:35:16 PST 2013"	"Mon Nov 18 11:36:37 PST 2013"	"Mon Nov 18 12:04:29 PST 2013"	""	""	""	""	"""olives"""	"-1"	"-1"	"6"	"2"	"0"	"0"	"1"	"0"	"""right"""	"""TRUE"""	"4"	""""""	"""1"""	"""pizza"""	"7"	"0"	"""null"""	"-1"	"""What do I know about Bob"""	"0"	"""2"""	"""FALSE"""	"-1"
"2I8P6AUC26DGP0J1T8M0LK0EHSA3AU"	"2J9TP9RA7S5W5UC9UXFFD0JMH00XSU"	"What is he talking about? (1-2 mins)"	"Short and fun! A 1-2 minute word game about what someone is talking about."	"experiment, psychology, game"	"$0.20"	"Mon Nov 18 03:51:30 PST 2013"	"100"	"0"	"0"	"100"	"Reviewable"	"NotReviewed"	"1 scales"	"600"	"60000"	"Mon Nov 25 03:51:30 PST 2013"	"https://requester.mturk.com/mturk/manageHIT?HITId=2I8P6AUC26DGP0J1T8M0LK0EHSA3AU"	"2SFMHGYQ4J3NT4CBBR6FUYYNKLZAN3"	"A2AZMTZISHIX2C"	"Approved"	"Tue Nov 19 04:16:47 PST 2013"	"Mon Nov 18 11:35:23 PST 2013"	"Mon Nov 18 11:36:47 PST 2013"	"Mon Nov 18 12:04:29 PST 2013"	""	""	""	""	"""peppers"""	"-1"	"-1"	"6"	"2"	"0"	"0"	"1"	"0"	"""middle"""	"""TRUE"""	"1"	"""none."""	"""1"""	"""pizza"""	"5"	"0"	"""null"""	"-1"	"""communication and language."""	"0"	"""2"""	"""FALSE"""	"-1"
"2I8P6AUC26DGP0J1T8M0LK0EHSA3AU"	"2J9TP9RA7S5W5UC9UXFFD0JMH00XSU"	"What is he talking about? (1-2 mins)"	"Short and fun! A 1-2 minute word game about what someone is talking about."	"experiment, psychology, game"	"$0.20"	"Mon Nov 18 03:51:30 PST 2013"	"100"	"0"	"0"	"100"	"Reviewable"	"NotReviewed"	"1 scales"	"600"	"60000"	"Mon Nov 25 03:51:30 PST 2013"	"https://requester.mturk.com/mturk/manageHIT?HITId=2I8P6AUC26DGP0J1T8M0LK0EHSA3AU"	"299HRRLFQ0ON6OXHXP8OFEGW2RCHQ8"	"A3GTIIFSMHAKRZ"	"Approved"	"Tue Nov 19 04:17:30 PST 2013"	"Mon Nov 18 11:34:22 PST 2013"	"Mon Nov 18 11:37:30 PST 2013"	"Mon Nov 18 12:04:29 PST 2013"	""	""	""	""	"""mushrooms"""	"-1"	"-1"	"6"	"2"	"0"	"0"	"1"	"0"	"""middle"""	"""TRUE"""	"1"	""""""	"""1"""	"""pizza"""	"5"	"0"	"""null"""	"-1"	"""My interpretation of what is implied in a sentence."""	"0"	"""2"""	"""FALSE"""	"-1"
"2I8P6AUC26DGP0J1T8M0LK0EHSA3AU"	"2J9TP9RA7S5W5UC9UXFFD0JMH00XSU"	"What is he talking about? (1-2 mins)"	"Short and fun! A 1-2 minute word game about what someone is talking about."	"experiment, psychology, game"	"$0.20"	"Mon Nov 18 03:51:30 PST 2013"	"100"	"0"	"0"	"100"	"Reviewable"	"NotReviewed"	"1 scales"	"600"	"60000"	"Mon Nov 25 03:51:30 PST 2013"	"https://requester.mturk.com/mturk/manageHIT?HITId=2I8P6AUC26DGP0J1T8M0LK0EHSA3AU"	"2LFFSVGULF39OL26JLSFY3N3E3H9NN"	"A2UIPRZUHUN9OU"	"Approved"	"Tue Nov 19 04:17:46 PST 2013"	"Mon Nov 18 11:33:03 PST 2013"	"Mon Nov 18 11:37:46 PST 2013"	"Mon Nov 18 12:04:30 PST 2013"	""	""	""	""	"""peppers"""	"-1"	"-1"	"7"	"2"	"0"	"0"	"1"	"0"	"""right"""	"""TRUE"""	"1"	""""""	"""1"""	"""pizza"""	"6"	"0"	"""null"""	"-1"	"""Picking Bob's favorite pizza, based off the information given."""	"0"	"""2"""	"""FALSE"""	"-1"
"2I8P6AUC26DGP0J1T8M0LK0EHSA3AU"	"2J9TP9RA7S5W5UC9UXFFD0JMH00XSU"	"What is he talking about? (1-2 mins)"	"Short and fun! A 1-2 minute word game about what someone is talking about."	"experiment, psychology, game"	"$0.20"	"Mon Nov 18 03:51:30 PST 2013"	"100"	"0"	"0"	"100"	"Reviewable"	"NotReviewed"	"1 scales"	"600"	"60000"	"Mon Nov 25 03:51:30 PST 2013"	"https://requester.mturk.com/mturk/manageHIT?HITId=2I8P6AUC26DGP0J1T8M0LK0EHSA3AU"	"2XM8LZ6R70G5A2ED4OUVK7WXJDT7N9"	"A1SDA9AMDTCOCR"	"Approved"	"Tue Nov 19 04:18:49 PST 2013"	"Mon Nov 18 11:35:25 PST 2013"	"Mon Nov 18 11:38:49 PST 2013"	"Mon Nov 18 12:04:29 PST 2013"	""	""	""	""	"""mushrooms"""	"-1"	"-1"	"7"	"2"	"0"	"0"	"1"	"0"	"""left"""	"""FALSE"""	"3"	"""I couldn't click out of the radio buttons so I may have more than one option chosen for each one. But I meant to put 4 for the first 2 and 1 for the last. And I may have forgotten the guy's name (I'm not good with remembering names) but I think it was Joe. Thanks! :)"""	"""1"""	"""pizza"""	"4"	"0"	"""null"""	"-1"	"""Which pizza Joe liked the best."""	"0"	"""2"""	"""FALSE"""	"-1"
